image,lap_var_gray_masked,lbp_var_gray_masked,perc_bleached,has_bleached
C10_BC_PM_T1_29nov24_CDaza_corr,130.9377529045285,6.588751712823901,16.614988931659084,True
C10_BC_PM_T2_29nov24_CDaza_corr,84.04191683412797,3.246623607806412,68.69891489310838,True
C10_BC_PM_T3_29nov24_CDaza_corr,69.03867514378392,5.755569438278084,19.60725336399786,True
C10_BC_PP_T1_29nov24_HBenavides_corr,382.9211634730529,4.111513075324552,2.608736602330415,True
C10_BC_PP_T2_29nov24_HBenavides_corr,292.43713445239075,5.294146801792212,36.61500417234853,True
C10_BC_PP_T3_29nov24_HBenavides_corr,272.5078363510111,5.957889550981755,17.57497707860831,True
C10_BC_PSb_T1_29nov24_HBenavides_corr,63.370102263817294,3.6710327314110347,82.91286205434936,True
C10_BC_PSb_T2_29nov24_HBenavides_corr,35.324605405507555,5.33725068758452,95.40107545524185,True
C10_Gr_PM_T1_30nov24_CGomez_corr,160.46923101072156,5.6648546665753345,1.7163607304503046,True
C10_Gr_PM_T2_30nov24_CGomez_corr,78.10274494298085,2.5550137289865473,58.25319268569905,True
C10_Gr_PM_T3_30nov24_CGomez_corr,113.18955076192361,6.039928064709057,21.791229232785085,True
C10_Gr_PP_T1_30nov24_HBenavides_corr,343.56736167002043,5.524446390130932,34.73517923480296,True
C10_Gr_PP_T2_30nov24_HBenavides_corr,127.02932242394449,6.3795679959780385,33.784654472781455,True
C10_Gr_PP_T3_30nov24_HBenavides_corr,93.49366098052244,6.090190540438718,33.58629709249557,True
C10_Gr_PSa_T1_30nov24_CDaza_corr,49.92153069352981,2.2894837795746277,96.17612027806307,True
C10_Gr_PSa_T2_30nov24_CDaza_corr,45.0211674803067,0.837439466241863,43.116758244680284,True
C10_Gr_PSa_T3_30nov24_CDaza_corr,57.71665796315607,1.8381122725876722,94.82467757036937,True
C10_PB_PM_T1_19nov24_CGomez_Corr,114.88792306234099,0.7529866102556877,100.0,True
C10_PB_PM_T2_19nov24_CGomez_Corr,99.39660362733234,4.087057883494146,0.0,False
C10_PB_PP_T1_19nov24_CGomez_Corr,51.54814061095495,0.8506278225543833,95.44524188908655,True
C10_PB_PP_T2_19nov24_CGomez_Corr,101.27466000055709,3.5771464878363646,0.0,False
C10_PB_PP_T3_19nov24_CGomez_Corr,93.97393624476477,4.023286947526849,0.0,False
C10_PB_PSA_T1_19nov24_HBenavides_Corr,14.8947091153725,0.8807240184103514,0.0,False
C10_PB_PSb_T1_19nov24_HBenavides_Corr,62.00297008896397,2.095861779894921,81.91004125802131,True
C10_PB_PSb_T2_19nov24_HBenavides_Corr,49.25035870715985,2.726489241631905,52.143846229312494,True
C10_PB_PSb_T3_19nov24_HBenavides_Corr,459.90357980851957,4.395266685604233,4.315320881027693,True
C11_BC_PM_T1_29nov24_CDaza_corr,151.74753913648178,6.703732321921021,34.25062553608769,True
C11_BC_PM_T2_29nov24_CDaza_corr,102.32870708024933,6.4358909060307665,50.064044377527026,True
C11_BC_PM_T3_29nov24_CDaza_corr,136.04443305078283,3.5050133770193597,37.964986241436435,True
C11_BC_PP_T1_29nov24_HBenavides_corr,121.10535797856286,4.197260268818268,0.0,False
C11_BC_PP_T2_29nov24_HBenavides_corr,132.33774234760497,2.96469450904294,0.0,False
C11_BC_PP_T3_29nov24_HBenavides_corr,141.40853044463998,5.684222208718084,64.8278657930181,True
C11_Gr_PM_T1_30nov24_CGomez_corr,131.31037285962535,5.915812475793951,46.77538521043525,True
C11_Gr_PM_T2_30nov24_CGomez_corr,182.54179664659858,6.065581912287805,21.979092314189767,True
C11_Gr_PM_T3_30nov24_CGomez_corr,114.13575812885279,5.4868687235861096,67.98797025814709,True
C11_Gr_PP_T1_30nov24_HBenavides_corr,136.18432282976875,3.1380514845485745,74.74995887832898,True
C11_Gr_PP_T2_30nov24_HBenavides_corr,232.06028794601488,3.585238461172528,16.89014172155715,True
C11_Gr_PP_T3_30nov24_HBenavides_corr,114.78667397604657,4.496733032759684,4.556801823515867,True
C11_Gr_PSa_T1_30nov24_CDaza_corr,42.14027784984424,1.4559706118974287,91.9702366050552,True
C11_Gr_PSa_T2_30nov24_CDaza_corr,60.58715921290929,2.8007170171943376,95.7458507873581,True
C11_Gr_PSa_T3_30nov24_CDaza_corr,78.18454500479524,2.015651602565332,11.18668730981783,True
C11_PB_PM_T1_19nov24_CGomez_Corr,156.49237029929424,3.5468562460843502,24.967847741899917,True
C11_PB_PP_T1_19nov24_CGomez_Corr,21.81755534809481,0.6791776110813557,9.286414944130108,True
C11_PB_PP_T2_19nov24_CGomez_Corr,27.887345171839236,1.2783425336258203,0.0,False
C11_PB_PP_T3_19nov24_CGomez_Corr,23.90260978328537,1.4127099539208976,0.0,False
C11_PB_PSA_T1_19nov24_HBenavides_Corr,65.38996943270168,4.771036825818043,86.57304953476184,True
C11_PB_PSb_T1_19nov24_HBenavides_Corr,11.154107068059414,0.3691736609396248,69.15840777893727,True
C11_PB_PSb_T2_19nov24_HBenavides_Corr,63.770302718571415,2.687143371185567,34.43474463252913,True
C11_PB_PSb_T3_19nov24_HBenavides_Corr,48.154516575460384,2.248279587260781,80.40947113641536,True
C12_BC_PM_T1_29nov24_CDaza_corr,45.820349978600824,6.957899647469699,85.58373635983234,True
C12_BC_PM_T2_29nov24_CDaza_corr,87.70264393397346,4.929008066839275,21.357972116732572,True
C12_BC_PM_T3_29nov24_CDaza_corr,63.57384309107113,4.8130834677357255,60.8468819807099,True
C12_BC_PP_T3_29nov24_HBenavides_corr,135.11579595616053,4.456340446065751,29.22532877499054,True
C12_Gr_PM_T1_30nov24_CGomez_corr,159.06138193719642,5.792638852812718,19.847001082478634,True
C12_Gr_PM_T2_30nov24_CGomez_corr,75.08502884314824,1.9193100214366987,68.37653662428035,True
C12_Gr_PM_T3_30nov24_CGomez_corr,86.71934776626811,6.315237954766728,75.35967384307878,True
C12_Gr_PP_T3_30nov24_HBenavides_corr,130.10881112032385,4.7276225109987235,0.0,False
C12_Gr_PSa_T1_30nov24_CDaza_corr,54.81597762349859,1.6443832165045442,55.731688453135966,True
C12_Gr_PSa_T2_30nov24_CDaza_corr,57.89195302000487,3.085822494699005,0.0,False
C12_Gr_PSa_T3_30nov24_CDaza_corr,83.47640551547117,3.16497951166285,5.706369582823668,True
C12_PB_PM_T1_19nov24_CGomez_Corr,84.60850332198224,4.374402315837917,59.95840450052413,True
C12_PB_PP_T1_19nov24_CGomez_Corr,28.194310957925467,0.6563099908092532,0.0,False
C12_PB_PP_T2_19nov24_CGomez_Corr,101.03503068485277,5.360139251755866,0.0,False
C12_PB_PSA_T3_19nov24_HBenavides_Corr,8.819524438769726,0.20210333019855495,5.2947238499239075,True
C12_PB_PSb_T1_19nov24_HBenavides_Corr,20.257510547108883,0.7219173090067533,12.222839233703382,True
C12_PB_PSb_T2_19nov24_HBenavides_Corr,74.91510288708479,3.0358043316416983,7.754709320680512,True
C13_BC_PM_T1_29nov24_CDaza_corr,120.89057795661014,5.639788256848487,4.601813525400554,True
C13_BC_PM_T2_29nov24_CDaza_corr,125.57428719693826,6.226509875258816,41.951480329103696,True
C13_BC_PM_T3_29nov24_CDaza_corr,98.01746990918461,6.752363594948873,56.66031835465694,True
C13_BC_PP_T3_29nov24_HBenavides_corr,215.51239840901428,2.2979135165036495,67.4811895323351,True
C13_Gr_PM_T1_30nov24_CGomez_corr,109.4333420705426,5.627534487221419,0.0,False
C13_Gr_PM_T3_30nov24_CGomez_corr,151.12533176039324,5.834120615555131,98.11225217200868,True
C13_Gr_PP_T3_30nov24_HBenavides_corr,203.8260308332379,5.8103017769860275,12.32005812423779,True
C13_Gr_PSa_T1_30nov24_CDaza_corr,44.93261719201449,1.4160039527662418,2.252893544535859,True
C13_Gr_PSa_T3_30nov24_CDaza_corr,203.01393779488828,4.838501626586345,6.538729052425975,True
C13_PB_PM_T1_19nov24_CGomez_Corr,136.57696092630266,6.146715307107562,0.0,False
C13_PB_PP_T2_19nov24_CGomez_Corr,124.52678637231337,5.188310923921265,0.0,False
C13_PB_PSb_T2_19nov24_HBenavides_Corr,26.474966507313304,0.6871492034657715,96.24851234927905,True
C14_BC_PM_T1_29nov24_CDaza_corr,82.5238919169512,5.195124838551993,19.44726459754264,True
C14_BC_PM_T2_29nov24_CDaza_corr,73.16059458556427,4.531371749100466,35.27935857892442,True
C14_BC_PM_T3_29nov24_CDaza_corr,66.64355947002771,6.012844000290143,50.45009201636164,True
C14_Gr_PM_T3_30nov24_CGomez_corr,152.47166773297968,6.526473777463065,14.84655953364172,True
C14_Gr_PP_T3_30nov24_HBenavides_corr,85.99169135751674,1.6898740670977588,12.539589936035908,True
C14_Gr_PSa_T1_30nov24_CDaza_corr,62.895556550284525,2.970899081998756,0.0,False
C14_Gr_PSa_T3_30nov24_CDaza_corr,38.39508162001658,1.2830675159541016,64.0120712089178,True
C14_PB_PM_T1_19nov24_CGomez_Corr,172.6800329135749,5.438447887651638,0.0,False
C14_PB_PM_T3_19nov24_CGomez_Corr,48.784810505208796,1.8975949706799933,0.0,False
C15_BC_PM_T1_29nov24_CDaza_corr,76.21957186115542,3.6503610153109043,8.456182621949527,True
C15_BC_PM_T2_29nov24_CDaza_corr,90.17927987317633,4.778112866462438,27.9467680608365,True
C15_BC_PM_T3_29nov24_CDaza_corr,57.48433718306789,7.091926971479132,0.0,False
C15_Gr_PSa_T3_30nov24_CDaza_corr,87.47414111252674,3.6240674570173197,38.910357001532084,True
C16_BC_PM_T1_29nov24_CDaza_corr,47.82296071727194,4.924715647629841,90.67975585145668,True
C16_Gr_PSa_T3_30nov24_CDaza_corr,82.097482494758,2.127116262864982,9.23319415302458,True
C17_Gr_PSa_T3_30nov24_CDaza_corr,71.7890102291394,2.1069196193783575,18.8239393566994,True
C18_Gr_PSa_T3_30nov24_CDaza_corr,56.200568139622625,1.937544044077865,3.970234213275011,True
C19_Gr_PSa_T3_30nov24_CDaza_corr,32.22912470434112,1.244254371947391,4.413314179543367,True
C1_BC_EM_T1_29nov24_CGomez_corr,19.04381883345197,1.4097604008043165,52.54401648145579,True
C1_BC_EM_T2_29nov24_CGomez_corr,168.29513028226015,6.524680588112715,39.594738541562116,True
C1_BC_EM_T3_29nov24_CGomez_corr,39.250339447232896,0.8037139502799855,52.77757321937187,True
C1_BC_EP_T1_29nov24_CDaza_corr,425.18313436423153,4.693748680733398,11.283350504849903,True
C1_BC_EP_T2_29nov24_CDaza_corr,198.8141764158448,5.358142580468514,20.6614503480891,True
C1_BC_EP_T3_29nov24_CDaza_corr,160.841232778985,6.027589057810307,3.631634524586186,True
C1_BC_ESa_T1_29nov24_CDaza_corr,67.18010977143202,2.9430087030292578,1.1346730208017035,True
C1_BC_ESa_T2_29nov24_CDaza_corr,67.78743655289381,2.557753651804009,22.45896293880939,True
C1_BC_ESa_T3_29nov24_CDaza_corr,43.36579362082461,1.0159358528581988,15.970877290680527,True
C1_BC_ESb_T1_29nov24_CGomez_corr,65.67543907501116,6.016271524720705,0.0,False
C1_BC_ESb_T2_29nov24_CGomez_corr,101.53943201615637,4.174298411046886,5.321885350461015,True
C1_BC_ESb_T3_29nov24_CGomez_corr,149.1934412638573,2.8719858243171044,7.232721349222874,True
C1_BC_PM_T1_29nov24_CDaza_corr,143.27812952890503,5.9830928777358805,40.89135495791838,True
C1_BC_PM_T2_29nov24_CDaza_corr,53.096572207671706,7.383642482091057,100.0,True
C1_BC_PM_T3_29nov24_CDaza_corr,154.29179587552565,5.7291746600468665,17.93433788043968,True
C1_BC_PP_T1_29nov24_HBenavides_corr,382.586485709226,5.132452335589905,38.72744616477621,True
C1_BC_PP_T2_29nov24_HBenavides_corr,265.33813069417994,4.890045033592539,3.4643729625882815,True
C1_BC_PP_T3_29nov24_HBenavides_corr,727.8247391556163,4.267509330449249,0.0,False
C1_BC_PSa_T1_29nov24_CDaza_corr,77.29172266665111,2.7743763771082355,0.0,False
C1_BC_PSa_T2_29nov24_CDaza_corr,138.91997110665793,2.814280373978866,1.5176087296507692,True
C1_BC_PSa_T3_29nov24_CDaza_corr,44.223653977346714,1.1210877525000549,0.0,False
C1_BC_PSb_T1_29nov24_HBenavides_corr,107.08664156537006,5.149405304560148,13.009261657090414,True
C1_BC_PSb_T2_29nov24_HBenavides_corr,76.23562274112952,6.858463852978483,98.35554101490379,True
C1_BC_PSb_T3_29nov24_HBenavides_corr,69.74058537564711,5.5368368481900925,62.84091786352052,True
C1_Gr_PM_T1_30nov24_CGomez_corr,151.59478470531394,6.306753541163669,34.23075926125165,True
C1_Gr_PM_T2_30nov24_CGomez_corr,127.17468511192116,4.610653746507475,13.986669496311272,True
C1_Gr_PM_T3_30nov24_CGomez_corr,156.4893186590575,3.0535652896023744,68.63286570770516,True
C1_Gr_PP_T1_30nov24_HBenavides_corr,215.66522942298565,5.85737187149164,0.5287324020782749,True
C1_Gr_PP_T2_30nov24_HBenavides_corr,133.72906395428188,4.3649583287595535,6.02034674665397,True
C1_Gr_PP_T3_30nov24_HBenavides_corr,137.08949731622675,6.482447691336486,27.068744963296226,True
C1_Gr_PSa_T1_30nov24_CDaza_corr,24.95338391033774,0.6417461115879453,36.20140876133013,True
C1_Gr_PSa_T2_30nov24_CDaza_corr,63.231849313258216,1.9115326816073974,67.7870397694098,True
C1_Gr_PSa_T3_30nov24_CDaza_corr,79.6521761521005,2.8420032453566804,51.38382043278924,True
C1_Gy_EM_T1_27nov24_CGomez_corr,162.77868058589283,5.8095797915573515,37.08825821314739,True
C1_Gy_EM_T2_27nov24_CGomez_corr,81.36228061312059,6.201307442874751,63.46621357656671,True
C1_Gy_EP_T1_27nov24_HBenavides_corr,352.0536970922037,4.739302507831925,0.0,False
C1_Gy_EP_T2_27nov24_HBenavides_corr,185.9597027726901,5.353606523019213,25.199607888941213,True
C1_Gy_EP_T3_27nov24_HBenavides_corr,97.79748571740355,6.602234812843131,77.56361740952929,True
C1_Gy_ESa_T1_27nov24_HBenavides_corr,112.04371104474649,5.878890967639592,21.460592917043204,True
C1_Gy_ESa_T2_27nov24_HBenavides_corr,218.15660799889793,4.831698466353723,10.081271003295274,True
C1_Gy_ESa_T3_27nov24_HBenavides_corr,114.03868685800117,1.8643411233462852,6.024559151732263,True
C1_Gy_ESb_T1_27nov24_CGomez_corr,89.26916438940944,5.838114260810989,14.549820431742575,True
C1_Gy_ESb_T2_27nov24_CGomez_corr,112.4852441207806,3.1928903967874493,2.590467409775999,True
C1_Gy_ESb_T3_27nov24_CGomez_corr,227.9908239105386,6.420494925281365,10.10206732511748,True
C1_Gy_PM_T1_27nov24_CGomez_corr,63.60602171183795,6.343910694309577,62.52482953453382,True
C1_Gy_PM_T2_27nov24_CGomez_corr,254.65447181343492,6.613562765965698,0.20934348947927095,True
C1_Gy_PM_T3_27nov24_CGomez_corr,208.20919543062902,5.796935630754104,45.79237707329844,True
C1_Gy_PP_T1_27nov24_CDaza_corr,202.6701219189845,6.066123830473497,5.241759253832565,True
C1_Gy_PP_T2_27nov24_CDaza_corr,174.72403251138064,4.635036460312837,41.30389985145219,True
C1_Gy_PP_T3_27nov24_CDaza_corr,325.91718965221986,6.267425511057084,19.146573734908294,True
C1_Gy_PSa_T1_27nov24_CDaza_corr,255.74043756080044,4.536954574886232,41.156567680685015,True
C1_Gy_PSa_T2_27nov24_CDaza_corr,151.04036581080936,2.9577147777724204,0.0,False
C1_Gy_PSb_T1_27nov24_CGomez_corr,32.393171253658856,5.681648687314453,86.48877301599562,True
C1_Gy_PSb_T2_27nov24_CGomez_corr,476.300467949915,6.602587163925542,0.0,False
C1_Gy_PSb_T3_27nov24_CGomez_corr,525.2036229857022,6.500163726602945,0.0,False
C1_PB_PM_T1_19nov24_CGomez_Corr,19.431320249136277,1.1175146414238024,0.0,False
C1_PB_PM_T2_19nov24_CGomez_Corr,16.721808248585816,0.5902014619075345,0.0,False
C1_PB_PM_T3_19nov24_CGomez_Corr,68.51636684812654,3.6356299482715686,67.6759365047502,True
C1_PB_PP_T1_19nov24_CGomez_Corr,85.341736811528,4.120912592366572,0.09221250082266812,True
C1_PB_PP_T2_19nov24_CGomez_Corr,112.44483247450246,6.640314668089245,0.0,False
C1_PB_PP_T3_19nov24_CGomez_Corr,123.52171532955741,6.159936766151734,0.6435312938447759,True
C1_PB_PSA_T1_19nov24_HBenavides_Corr,21.912572785515408,0.8092721020539414,52.201551931399834,True
C1_PB_PSA_T3_19nov24_HBenavides_Corr,16.119859565057787,0.17305809932471844,80.73457880008095,True
C1_PB_PSb_T1_19nov24_HBenavides_Corr,73.65799102137069,2.5177055609674075,4.818137240263296,True
C1_PB_PSb_T2_19nov24_HBenavides_Corr,44.54483009866014,0.8521947296963861,3.5475208452761127,True
C1_PB_PSb_T3_19nov24_HBenavides_Corr,40.99398675219767,3.6315298620636662,23.914237509328842,True
C20_Gr_PSa_T3_30nov24_CDaza_corr,48.34208196597667,2.5154322380975698,64.4032230516135,True
C2_BC_EM_T1_29nov24_CGomez_corr,118.0398595808097,6.685659056342364,2.040393159298977,True
C2_BC_EM_T2_29nov24_CGomez_corr,52.36696213639913,7.19813871692569,94.48037418714905,True
C2_BC_EM_T3_29nov24_CGomez_corr,39.237065429979296,2.508953127392837,62.19624322698678,True
C2_BC_EP_T1_29nov24_CDaza_corr,279.93492882364296,6.478477065941058,1.6167053489457683,True
C2_BC_EP_T2_29nov24_CDaza_corr,155.82449841796182,5.968756438059957,0.9314749654842448,True
C2_BC_EP_T3_29nov24_CDaza_corr,173.8773928482736,2.1915637148072515,10.372160846884473,True
C2_BC_ESa_T1_29nov24_CDaza_corr,104.04164472187955,3.472697420082767,4.56072810162119,True
C2_BC_ESa_T2_29nov24_CDaza_corr,41.97967049544668,2.0642667631211373,1.5123291279764424,True
C2_BC_ESa_T3_29nov24_CDaza_corr,57.160712210592386,1.0599869963433934,0.9621110281304456,True
C2_BC_ESb_T1_29nov24_CGomez_corr,112.79822364660417,6.291467126359368,23.09592699088883,True
C2_BC_ESb_T2_29nov24_CGomez_corr,63.42498415536258,5.293840749331558,51.64565699557579,True
C2_BC_ESb_T3_29nov24_CGomez_corr,42.59939156260539,1.6102655916466504,0.0,False
C2_BC_PM_T1_29nov24_CDaza_corr,130.75370196160412,6.082198883424522,34.196075530791745,True
C2_BC_PM_T2_29nov24_CDaza_corr,97.19297584260603,5.952060005070438,28.519380490926643,True
C2_BC_PM_T3_29nov24_CDaza_corr,54.8225680459547,5.22993101178287,38.16167092936355,True
C2_BC_PP_T1_29nov24_HBenavides_corr,498.3411375163263,5.718107263649095,9.224386828696932,True
C2_BC_PP_T2_29nov24_HBenavides_corr,257.73105368920363,3.5909897799476984,1.827769477350627,True
C2_BC_PP_T3_29nov24_HBenavides_corr,433.87724958340954,3.457733063268955,23.75301039808434,True
C2_BC_PSa_T1_29nov24_CDaza_corr,88.68630663620911,5.644272795342669,11.846361812737065,True
C2_BC_PSa_T2_29nov24_CDaza_corr,131.10621249560998,5.579771741748844,0.0,False
C2_BC_PSa_T3_29nov24_CDaza_corr,35.701308724002025,0.8333626762804739,0.0,False
C2_BC_PSb_T1_29nov24_HBenavides_corr,9.481817918165339,0.2310361827970776,23.66800086283345,True
C2_BC_PSb_T2_29nov24_HBenavides_corr,38.39603535730057,7.200327388432674,99.23354661565793,True
C2_BC_PSb_T3_29nov24_HBenavides_corr,134.96363763640213,6.212606233428683,11.397395176547127,True
C2_Gr_PM_T1_30nov24_CGomez_corr,105.9676440496025,6.553977565741036,100.0,True
C2_Gr_PM_T2_30nov24_CGomez_corr,156.1471190847854,6.476790552996021,19.51350292089888,True
C2_Gr_PM_T3_30nov24_CGomez_corr,71.9723767983232,2.2859643644556513,91.48503482482752,True
C2_Gr_PP_T1_30nov24_HBenavides_corr,191.08990841606976,5.409494119396649,0.0,False
C2_Gr_PP_T2_30nov24_HBenavides_corr,67.05968422267199,3.818072477009911,18.959831830287033,True
C2_Gr_PP_T3_30nov24_HBenavides_corr,65.3922021261654,5.684639779117019,81.89216619148377,True
C2_Gr_PSa_T1_30nov24_CDaza_corr,42.395627612617076,1.2103375098129965,0.0,False
C2_Gr_PSa_T2_30nov24_CDaza_corr,102.4800115914497,4.150669397666559,31.922118528630662,True
C2_Gr_PSa_T3_30nov24_CDaza_corr,15.568126670945908,0.2362640766249423,25.38962258246229,True
C2_Gy_EM_T1_27nov24_CGomez_corr,98.65471993807137,6.1690809538301545,54.48277774201261,True
C2_Gy_EM_T2_27nov24_CGomez_corr,125.89196605465835,4.456804963246769,18.03127071147797,True
C2_Gy_EP_T1_27nov24_HBenavides_corr,313.2693300447303,5.754445659955761,7.559383817434248,True
C2_Gy_EP_T2_27nov24_HBenavides_corr,63.625536019666086,6.879822976566486,42.46116310795261,True
C2_Gy_EP_T3_27nov24_HBenavides_corr,216.90045597688444,6.086741456507227,0.8836993941593655,True
C2_Gy_ESa_T1_27nov24_HBenavides_corr,45.34327933201379,0.8865856099150966,3.971972867910952,True
C2_Gy_ESa_T2_27nov24_HBenavides_corr,148.57805462007295,3.039134725185008,2.1304322590294875,True
C2_Gy_ESa_T3_27nov24_HBenavides_corr,250.6624018700184,6.192335783119495,0.0,False
C2_Gy_ESb_T1_27nov24_CGomez_corr,237.6727672728908,4.818028624301865,7.6374117783460775,True
C2_Gy_ESb_T2_27nov24_CGomez_corr,293.4406144257382,5.695004946072495,18.3843557403043,True
C2_Gy_ESb_T3_27nov24_CGomez_corr,305.18416457321587,6.399352635831014,29.783315102484515,True
C2_Gy_PM_T1_27nov24_CGomez_corr,103.34565566654146,6.703454387199606,18.801197306203836,True
C2_Gy_PM_T2_27nov24_CGomez_corr,195.86722701640042,4.235702163479543,21.09391675362902,True
C2_Gy_PM_T3_27nov24_CGomez_corr,112.78127554550733,4.372035344783974,0.0,False
C2_Gy_PP_T1_27nov24_CDaza_corr,393.24565373722,4.6860434735977385,6.347505082697443,True
C2_Gy_PP_T2_27nov24_CDaza_corr,132.20205835608172,1.158963936331844,0.0,False
C2_Gy_PP_T3_27nov24_CDaza_corr,168.81108440089346,3.9982768855397786,9.619764068414083,True
C2_Gy_PSa_T1_27nov24_CDaza_corr,78.77892212706132,1.872990599199895,2.0554008641382624,True
C2_Gy_PSa_T2_27nov24_CDaza_corr,23.649649514779387,0.2984559823629239,19.55402968990695,True
C2_Gy_PSb_T1_27nov24_CGomez_corr,51.31646037721101,6.074085037130853,98.35785039032844,True
C2_Gy_PSb_T2_27nov24_CGomez_corr,238.1484360260034,6.054766181459712,13.954582634891432,True
C2_Gy_PSb_T3_27nov24_CGomez_corr,233.44897494291885,6.653445371275075,17.09289851331971,True
C2_PB_PM_T1_19nov24_CGomez_Corr,51.038802949601376,2.9518564434143912,1.3261404246636677,True
C2_PB_PM_T3_19nov24_CGomez_Corr,7.910644719033831,0.24693412517043112,0.0,False
C2_PB_PP_T1_19nov24_CGomez_Corr,79.03114981201063,1.557204737023779,0.0,False
C2_PB_PP_T2_19nov24_CGomez_Corr,52.940230560337724,2.8453997160705917,0.0,False
C2_PB_PSA_T1_19nov24_HBenavides_Corr,43.053395146354035,2.510966951095309,83.15084839080208,True
C2_PB_PSA_T2_19nov24_HBenavides_Corr,7.082855086359178,0.16510708506966643,0.0,False
C2_PB_PSb_T2_19nov24_HBenavides_Corr,31.112728937894904,0.4926101934789734,42.64291925191222,True
C3_BC_EM_T1_29nov24_CGomez_corr,67.69262411271067,4.618922835914997,46.775314324062414,True
C3_BC_EM_T2_29nov24_CGomez_corr,80.67585761944973,5.149763911810364,0.0,False
C3_BC_EM_T3_29nov24_CGomez_corr,65.95392304056902,2.0541752038200554,39.642123259522286,True
C3_BC_EP_T1_29nov24_CDaza_corr,163.18743499074347,6.48335909034765,0.0,False
C3_BC_EP_T2_29nov24_CDaza_corr,406.0265744064182,5.49557131066281,0.5850196360626417,True
C3_BC_EP_T3_29nov24_CDaza_corr,61.67062120361432,3.416205312777017,0.4947566011763233,True
C3_BC_ESa_T1_29nov24_CDaza_corr,69.99965461659482,1.922549914139487,5.409197194076384,True
C3_BC_ESb_T1_29nov24_CGomez_corr,63.5807038503208,6.229272552597068,13.998603305232168,True
C3_BC_ESb_T2_29nov24_CGomez_corr,62.97681485139709,2.3568101201996003,1.3136083222113846,True
C3_BC_ESb_T3_29nov24_CGomez_corr,58.292314336133956,2.38474908658759,74.72303235371405,True
C3_BC_PM_T1_29nov24_CDaza_corr,101.45894953003857,4.237856055984964,9.849988069496064,True
C3_BC_PM_T2_29nov24_CDaza_corr,107.65955116655329,6.1813137018788185,46.92233315588775,True
C3_BC_PM_T3_29nov24_CDaza_corr,117.02933324224016,4.918076380104582,45.32383546083473,True
C3_BC_PP_T1_29nov24_HBenavides_corr,539.7913851889316,3.900264679675502,39.76290571726228,True
C3_BC_PP_T2_29nov24_HBenavides_corr,341.47153497538585,3.6654419550835473,47.092078708598976,True
C3_BC_PP_T3_29nov24_HBenavides_corr,558.5398064781303,2.474906132657839,6.261328274228687,True
C3_BC_PSa_T1_29nov24_CDaza_corr,53.84332227447059,2.9300958412079305,0.34271888674261836,True
C3_BC_PSb_T2_29nov24_HBenavides_corr,90.21031537685123,4.3451757713476225,29.46323927210031,True
C3_BC_PSb_T3_29nov24_HBenavides_corr,70.40671654721729,5.852936595206865,64.54398520780603,True
C3_Gr_PM_T1_30nov24_CGomez_corr,109.62144558484488,6.81377504489975,99.04342575934028,True
C3_Gr_PM_T2_30nov24_CGomez_corr,75.27915735215845,5.657759369478549,53.0330780597319,True
C3_Gr_PM_T3_30nov24_CGomez_corr,85.49018522859603,6.48290798001808,73.61453315475333,True
C3_Gr_PP_T1_30nov24_HBenavides_corr,119.40139987348303,6.174721151397983,45.444623818684356,True
C3_Gr_PP_T2_30nov24_HBenavides_corr,167.8579543070796,6.318802456228776,3.128195124700954,True
C3_Gr_PP_T3_30nov24_HBenavides_corr,179.90574471131157,5.934884935187511,16.887003427115673,True
C3_Gr_PSa_T1_30nov24_CDaza_corr,63.55614453264853,2.5984545102451957,33.3177181531039,True
C3_Gr_PSa_T2_30nov24_CDaza_corr,123.98897768612927,2.493567384601449,16.97849150518996,True
C3_Gr_PSa_T3_30nov24_CDaza_corr,103.23813665990562,3.0812704870279357,28.03127798532314,True
C3_PB_PM_T1_19nov24_CGomez_Corr,36.11760326452189,3.1590875264568683,99.44199444180319,True
C3_PB_PM_T2_19nov24_CGomez_Corr,13.280251474742416,0.16384191085531902,79.18707539593538,True
C3_PB_PP_T3_19nov24_CGomez_Corr,15.484189594717577,0.5251881377812444,0.0,False
C3_PB_PSA_T1_19nov24_HBenavides_Corr,33.52332323955597,1.1282440226607737,18.30121047423445,True
C3_PB_PSb_T2_19nov24_HBenavides_Corr,40.151586060776104,4.993823226410392,72.6200599364855,True
C3_PB_PSb_T3_19nov24_HBenavides_Corr,69.1061012026703,3.0969907997643698,29.175764516442925,True
C4_BC_PM_T1_29nov24_CDaza_corr,64.94404697818416,4.524630351128459,21.42048966842718,True
C4_BC_PM_T2_29nov24_CDaza_corr,167.26165923909835,4.96068222259393,31.238859122010926,True
C4_BC_PM_T3_29nov24_CDaza_corr,154.2585058719275,4.705704431582529,61.613986706389525,True
C4_BC_PP_T1_29nov24_HBenavides_corr,430.46013442268753,4.704182205119232,44.079526312637825,True
C4_BC_PP_T2_29nov24_HBenavides_corr,114.08709194766759,1.3269526398282532,5.686994974444973,True
C4_BC_PP_T3_29nov24_HBenavides_corr,314.9009997259639,3.554905943927634,9.889071044790407,True
C4_BC_PSb_T1_29nov24_HBenavides_corr,86.74954466244435,5.708891974261368,34.6104741154085,True
C4_BC_PSb_T2_29nov24_HBenavides_corr,99.56099202493193,4.792942851942804,58.35032396759515,True
C4_BC_PSb_T3_29nov24_HBenavides_corr,102.20645953156153,3.4742993156264594,68.0658184939503,True
C4_Gr_PM_T1_30nov24_CGomez_corr,78.9813053920025,6.884926781001526,87.57734804753491,True
C4_Gr_PM_T2_30nov24_CGomez_corr,108.87579197819453,6.577815535686804,27.408295690167567,True
C4_Gr_PM_T3_30nov24_CGomez_corr,148.16174312785313,6.618738382093513,0.0,False
C4_Gr_PP_T1_30nov24_HBenavides_corr,212.52932354974382,6.442684128471125,9.439988198187912,True
C4_Gr_PP_T2_30nov24_HBenavides_corr,34.99842036640515,0.8912108844156974,17.778333718215176,True
C4_Gr_PP_T3_30nov24_HBenavides_corr,318.91339274304954,6.042714523975193,13.862427668149932,True
C4_Gr_PSa_T1_30nov24_CDaza_corr,64.62533467323703,2.5346540458482467,1.6324279773923294,True
C4_Gr_PSa_T2_30nov24_CDaza_corr,55.32652411275057,2.0132092992722432,0.7197898169276714,True
C4_Gr_PSa_T3_30nov24_CDaza_corr,49.98882778152208,1.7986827005898591,48.505952573892024,True
C4_Gy_EM_T2_27nov24_CGomez_corr,189.46610699189787,6.01650384103624,2.788802686189599,True
C4_Gy_EP_T1_27nov24_HBenavides_corr,288.33501993977404,6.622365479621558,51.852113999345804,True
C4_Gy_EP_T2_27nov24_HBenavides_corr,176.41756341371294,5.282537926504554,83.22162137807155,True
C4_Gy_EP_T3_27nov24_HBenavides_corr,176.35472705964483,6.1983155574087565,42.36548124442186,True
C4_Gy_ESa_T1_27nov24_HBenavides_corr,251.54009734141533,4.854982599606407,4.181455734637915,True
C4_Gy_ESa_T2_27nov24_HBenavides_corr,195.71079761161292,4.339492860452875,39.08749245240134,True
C4_Gy_ESa_T3_27nov24_HBenavides_corr,125.1691153943887,1.6784713212231153,32.68255530167837,True
C4_Gy_ESb_T1_27nov24_CGomez_corr,276.09657516735837,6.660945239019222,2.9610465835170583,True
C4_Gy_ESb_T2_27nov24_CGomez_corr,212.08736290094043,4.746842139852736,25.90052716363087,True
C4_Gy_ESb_T3_27nov24_CGomez_corr,233.6757802509079,6.235132445928874,15.590296822290012,True
C4_Gy_PM_T1_27nov24_CGomez_corr,328.75788014529945,6.554374200619944,4.95923452376315,True
C4_Gy_PM_T2_27nov24_CGomez_corr,235.16382541645618,5.418326348980627,21.07890613331848,True
C4_Gy_PM_T3_27nov24_CGomez_corr,290.3299111875655,5.2043937562812035,4.487279144154231,True
C4_Gy_PP_T1_27nov24_CDaza_corr,272.18207718974156,5.158863717536354,3.2509877184185263,True
C4_Gy_PP_T2_27nov24_CDaza_corr,542.034049350813,5.456121403596786,7.562849827402942,True
C4_Gy_PP_T3_27nov24_CDaza_corr,235.14396380416136,5.566080523944052,0.4197747597469691,True
C4_Gy_PSa_T1_27nov24_CDaza_corr,73.36243084536788,0.984651160797508,29.84256745333214,True
C4_Gy_PSa_T3_27nov24_CDaza_corr,39.436448233508806,0.4844559653705431,8.239760321759828,True
C4_Gy_PSb_T1_27nov24_CGomez_corr,737.3875692803587,6.511994551906083,0.23271252746112675,True
C4_Gy_PSb_T2_27nov24_CGomez_corr,95.91164129815219,3.841186047905523,100.0,True
C4_Gy_PSb_T3_27nov24_CGomez_corr,231.24774050772976,6.211187789310888,43.55890676021698,True
C4_PB_PM_T2_19nov24_CGomez_Corr,71.45382137497586,3.727972676177944,0.6336577758657775,True
C4_PB_PM_T3_19nov24_CGomez_Corr,39.56456961798657,2.317493224582206,6.375831612569052,True
C4_PB_PP_T1_19nov24_CGomez_Corr,80.61242040185154,3.1534964111863046,0.0,False
C4_PB_PP_T3_19nov24_CGomez_Corr,16.30980468186857,0.20146821919541097,0.0,False
C4_PB_PSA_T2_19nov24_HBenavides_Corr,120.93782699778042,1.3335465797833683,92.90985596245378,True
C4_PB_PSb_T1_19nov24_HBenavides_Corr,94.57967086518458,3.4764943909749206,7.529656986390143,True
C4_PB_PSb_T2_19nov24_HBenavides_Corr,62.25523929909654,1.4295865420828633,25.892651118102673,True
C4_PB_PSb_T3_19nov24_HBenavides_Corr,157.71337617631136,3.4325767609736273,56.33751067215486,True
C5_BC_EM_T1_29nov24_CGomez_corr,113.42889634133044,3.678732574842726,26.188635773651004,True
C5_BC_EM_T2_29nov24_CGomez_corr,98.27306727227185,5.795908329330952,66.26847843239074,True
C5_BC_EM_T3_29nov24_CGomez_corr,47.61770269781254,1.2841236088938062,40.468993539206856,True
C5_BC_EP_T1_29nov24_CDaza_corr,151.96053334107285,5.589548275389925,0.10026689749693428,True
C5_BC_EP_T2_29nov24_CDaza_corr,24.996577401109978,0.24715516930416326,100.0,True
C5_BC_EP_T3_29nov24_CDaza_corr,304.69626434084256,6.197845643176676,0.0,False
C5_BC_ESa_T1_29nov24_CDaza_corr,22.351777569399125,0.4703797712296166,3.8817710173494246,True
C5_BC_ESa_T2_29nov24_CDaza_corr,55.01551103123663,1.2258437262170263,56.26328604445909,True
C5_BC_ESa_T3_29nov24_CDaza_corr,44.28636008924228,2.169972354088432,71.17803776825407,True
C5_BC_ESb_T1_29nov24_CGomez_corr,102.62203095149499,4.29549735833038,12.100320032050101,True
C5_BC_ESb_T2_29nov24_CGomez_corr,110.41621782002487,6.274296047794927,7.463546098254814,True
C5_BC_ESb_T3_29nov24_CGomez_corr,76.05771605807634,1.8618041065981785,0.0,False
C5_BC_PM_T1_29nov24_CDaza_corr,89.49212251767457,6.877962440735461,54.094804967078105,True
C5_BC_PM_T2_29nov24_CDaza_corr,172.91766662252965,5.562709386234758,4.902235682216535,True
C5_BC_PM_T3_29nov24_CDaza_corr,72.81678850862976,5.637955241321951,18.809599307855297,True
C5_BC_PP_T1_29nov24_HBenavides_corr,31.33187188479108,5.9389505464122365,100.0,True
C5_BC_PP_T2_29nov24_HBenavides_corr,291.67201475073466,4.899617944766156,19.68439841570332,True
C5_BC_PP_T3_29nov24_HBenavides_corr,112.63064972072014,4.133813745119724,43.33282266233,True
C5_BC_PSa_T1_29nov24_CDaza_corr,49.79938388976374,2.6173887315966464,83.10920122557258,True
C5_BC_PSa_T2_29nov24_CDaza_corr,153.7654737285984,6.384133407974366,0.0,False
C5_BC_PSa_T3_29nov24_CDaza_corr,65.44288404392549,3.5579534349809827,45.83752139406132,True
C5_BC_PSb_T1_29nov24_HBenavides_corr,84.19308419087399,5.407561234813761,28.05290733546313,True
C5_BC_PSb_T2_29nov24_HBenavides_corr,90.88124120694931,4.693482194506472,90.03601756040838,True
C5_BC_PSb_T3_29nov24_HBenavides_corr,129.7262201973296,4.330172768027047,21.526153430053398,True
C5_Gr_PM_T1_30nov24_CGomez_corr,200.37329177146964,6.266767865124971,0.07582469145004082,True
C5_Gr_PM_T2_30nov24_CGomez_corr,154.878988718081,6.495604318462955,12.597090316491071,True
C5_Gr_PM_T3_30nov24_CGomez_corr,216.01974218094048,5.611493506674165,38.6041566665515,True
C5_Gr_PP_T1_30nov24_HBenavides_corr,60.48915761585589,6.069077671679418,81.96608931533255,True
C5_Gr_PP_T2_30nov24_HBenavides_corr,277.3757347533914,6.5798285040909095,0.7409702260094033,True
C5_Gr_PP_T3_30nov24_HBenavides_corr,161.47344182011304,6.274296925542923,5.413534291323531,True
C5_Gr_PSa_T1_30nov24_CDaza_corr,8.68675511889218,0.25383058849164586,0.0,False
C5_Gr_PSa_T2_30nov24_CDaza_corr,63.813522426862065,2.125121262378054,16.25623758207979,True
C5_Gr_PSa_T3_30nov24_CDaza_corr,36.261589900180965,0.7219682484026898,36.638558892758674,True
C5_Gy_EM_T1_27nov24_CGomez_corr,156.66892773441313,6.718738719124051,35.04560967722324,True
C5_Gy_EM_T2_27nov24_CGomez_corr,90.80259789790425,6.195425459994179,39.771045312212344,True
C5_Gy_EP_T1_27nov24_HBenavides_corr,215.06532707059176,6.907077788449735,19.67177633960418,True
C5_Gy_EP_T2_27nov24_HBenavides_corr,127.41765846538188,6.687393158709321,45.10636909423127,True
C5_Gy_EP_T3_27nov24_HBenavides_corr,98.3674743445851,3.722694336825578,27.963231111897617,True
C5_Gy_ESa_T1_27nov24_HBenavides_corr,185.45384293084308,5.205359983446306,38.678558300022445,True
C5_Gy_ESa_T2_27nov24_HBenavides_corr,335.9669219058798,4.339248547068854,10.131897115577917,True
C5_Gy_ESa_T3_27nov24_HBenavides_corr,133.7087698157487,2.301192182298101,3.39313343235549,True
C5_Gy_ESb_T1_27nov24_CGomez_corr,149.11955485681196,5.269903955196726,40.562008658557666,True
C5_Gy_ESb_T2_27nov24_CGomez_corr,141.77180171375923,4.5457195958830106,16.473262802062397,True
C5_Gy_ESb_T3_27nov24_CGomez_corr,152.96891257407609,4.414958454505811,34.38506566869762,True
C5_Gy_PM_T1_27nov24_CGomez_corr,148.189078164494,5.823536430762693,38.15259403159407,True
C5_Gy_PM_T2_27nov24_CGomez_corr,409.38723531887297,6.517461044968801,27.60417008902543,True
C5_Gy_PM_T3_27nov24_CGomez_corr,115.80885849339502,6.3248733214132535,74.61425879553283,True
C5_Gy_PP_T1_27nov24_CDaza_corr,266.35749522636695,2.2091390724991653,6.600692289471071,True
C5_Gy_PP_T2_27nov24_CDaza_corr,324.04746067856473,4.8013904788219115,10.064136178451857,True
C5_Gy_PP_T3_27nov24_CDaza_corr,105.64534800871505,6.2060188912487,52.5191535022868,True
C5_Gy_PSa_T1_27nov24_CDaza_corr,12.238016155121311,0.6580346127061646,0.0,False
C5_Gy_PSb_T1_27nov24_CGomez_corr,136.65340728685786,5.585804845917099,0.5741458034521282,True
C5_Gy_PSb_T2_27nov24_CGomez_corr,95.49186480921225,3.3308578181517934,25.972431533544665,True
C5_Gy_PSb_T3_27nov24_CGomez_corr,166.4643913835248,4.572841258386393,42.098401292569214,True
C5_PB_PM_T1_19nov24_CGomez_Corr,57.36565728446991,2.062972158386024,0.0,False
C5_PB_PM_T2_19nov24_CGomez_Corr,92.3014802777933,4.741929238704752,0.12548025879262387,True
C5_PB_PM_T3_19nov24_CGomez_Corr,12.194806957518452,0.32263849550453516,6.725995111413866,True
C5_PB_PP_T2_19nov24_CGomez_Corr,75.95684053178275,3.5572339698486535,0.0,False
C5_PB_PSA_T1_19nov24_HBenavides_Corr,12.608089457377943,0.17466789636559854,2.4242140530852723,True
C5_PB_PSA_T3_19nov24_HBenavides_Corr,25.643713601449885,0.2669645731997554,54.76709663351058,True
C5_PB_PSb_T2_19nov24_HBenavides_Corr,30.92595086072632,1.2591110694611138,98.35956754034072,True
C5_PB_PSb_T3_19nov24_HBenavides_Corr,42.16475377582597,1.511183061236619,1.4272011182050803,True
C6_BC_EM_T1_29nov24_CGomez_corr,115.64940407559908,5.930260682805607,22.744823354502234,True
C6_BC_EM_T2_29nov24_CGomez_corr,143.91434232532163,3.799395431578002,36.59124629080119,True
C6_BC_EM_T3_29nov24_CGomez_corr,62.73015179802045,1.2228445287363046,0.0,False
C6_BC_EP_T1_29nov24_CDaza_corr,209.47099439934811,6.755781846405693,4.244118474382848,True
C6_BC_EP_T2_29nov24_CDaza_corr,198.79112271037164,2.4684018616629397,34.582936957772475,True
C6_BC_EP_T3_29nov24_CDaza_corr,198.4762282395061,6.378660528074753,46.88390375513147,True
C6_BC_ESa_T1_29nov24_CDaza_corr,76.64906615857072,2.8302762427772565,36.95368501401652,True
C6_BC_ESa_T2_29nov24_CDaza_corr,59.18235783276794,2.941850581128092,53.58014215730103,True
C6_BC_ESa_T3_29nov24_CDaza_corr,11.941182640280724,0.37198736364233653,0.0,False
C6_BC_ESb_T1_29nov24_CGomez_corr,63.091682190110696,2.376259428597519,59.9785640309256,True
C6_BC_ESb_T2_29nov24_CGomez_corr,62.682763791157,4.349717185641769,21.897116107360887,True
C6_BC_ESb_T3_29nov24_CGomez_corr,50.067751424103584,1.9546587523627865,59.750520398046106,True
C6_BC_PM_T1_29nov24_CDaza_corr,109.3741762658403,7.102972882460216,0.0,False
C6_BC_PM_T2_29nov24_CDaza_corr,77.53509926839278,5.213354008287362,65.17000258478329,True
C6_BC_PM_T3_29nov24_CDaza_corr,86.37075580360398,6.569295060820976,23.642548168028505,True
C6_BC_PP_T1_29nov24_HBenavides_corr,593.2876796448497,2.9016104643295737,22.128794884258046,True
C6_BC_PP_T2_29nov24_HBenavides_corr,305.13475185757494,5.8460246264988,19.776675850631285,True
C6_BC_PP_T3_29nov24_HBenavides_corr,146.25006159229756,6.351192625513365,26.710096005072277,True
C6_BC_PSa_T1_29nov24_CDaza_corr,83.76462979964322,3.7811257294041183,1.8317076198786901,True
C6_BC_PSa_T2_29nov24_CDaza_corr,228.0070310184886,6.480017503660568,1.2508505212738896,True
C6_BC_PSa_T3_29nov24_CDaza_corr,53.046317965121645,1.5672668369260203,5.202935309037198,True
C6_BC_PSb_T1_29nov24_HBenavides_corr,57.85372631454226,5.999981223351907,22.10437422633449,True
C6_BC_PSb_T2_29nov24_HBenavides_corr,97.25830563176416,5.952296967810119,36.64878333324325,True
C6_BC_PSb_T3_29nov24_HBenavides_corr,60.538250705451404,6.6650781788248,11.892722933453767,True
C6_Gr_PM_T1_30nov24_CGomez_corr,161.26910683516695,5.9130888550625365,21.052961629766944,True
C6_Gr_PM_T2_30nov24_CGomez_corr,76.71250461928697,7.1820167476444885,94.52543466528483,True
C6_Gr_PM_T3_30nov24_CGomez_corr,236.70529963108385,5.603199560426418,34.283718475513666,True
C6_Gr_PP_T1_30nov24_HBenavides_corr,91.91843968252736,5.415035160668933,25.949516808117423,True
C6_Gr_PP_T2_30nov24_HBenavides_corr,120.23045902508153,4.385182542736231,25.257010924859397,True
C6_Gr_PP_T3_30nov24_HBenavides_corr,66.90121408519018,6.899717259798865,87.10384141297737,True
C6_Gr_PSa_T1_30nov24_CDaza_corr,10.355508841165596,0.2122806966469629,54.76681127982646,True
C6_Gr_PSa_T2_30nov24_CDaza_corr,10.513638780266122,0.19048362645162223,9.868958598363793,True
C6_Gr_PSa_T3_30nov24_CDaza_corr,122.89646691962984,2.7066793048059434,53.827946882868815,True
C6_Gy_EM_T1_27nov24_CGomez_corr,193.4281138634481,6.451454312117633,59.892799332159186,True
C6_Gy_EM_T2_27nov24_CGomez_corr,351.4054244289066,6.503843589186228,0.0,False
C6_Gy_EP_T1_27nov24_HBenavides_corr,109.19013581892551,5.161120083712174,54.293927489922346,True
C6_Gy_EP_T2_27nov24_HBenavides_corr,319.55433006545474,4.991146254161593,4.218753933839082,True
C6_Gy_EP_T3_27nov24_HBenavides_corr,147.70388207650194,6.439181769928349,63.340729427655674,True
C6_Gy_ESa_T1_27nov24_HBenavides_corr,153.06693713327823,3.875163082210467,40.01593635069581,True
C6_Gy_ESa_T2_27nov24_HBenavides_corr,501.1980930676853,4.649450423861554,7.489141547380484,True
C6_Gy_ESa_T3_27nov24_HBenavides_corr,77.88028547335105,1.8243577297404732,1.6915139494859879,True
C6_Gy_ESb_T1_27nov24_CGomez_corr,220.71028132851012,5.0355770071084525,2.5450221941333466,True
C6_Gy_ESb_T2_27nov24_CGomez_corr,214.52697544692975,5.968774678967365,32.06708095122395,True
C6_Gy_ESb_T3_27nov24_CGomez_corr,44.793461225559625,1.4687076374669596,42.717643744793826,True
C6_Gy_PM_T1_27nov24_CGomez_corr,154.20108311220397,6.54545437526978,0.1727744623297513,True
C6_Gy_PM_T2_27nov24_CGomez_corr,145.29526554912397,4.173424186548339,72.75281063313518,True
C6_Gy_PM_T3_27nov24_CGomez_corr,164.05339353511755,6.646874457826517,2.8822425479091645,True
C6_Gy_PP_T1_27nov24_CDaza_corr,220.1797433122624,5.3730955013248085,51.647691664222585,True
C6_Gy_PP_T2_27nov24_CDaza_corr,311.8050277888609,5.122619535831148,11.24969463939839,True
C6_Gy_PP_T3_27nov24_CDaza_corr,213.13007125215952,5.496806272963813,26.26630776648802,True
C6_Gy_PSa_T1_27nov24_CDaza_corr,31.11199770856895,0.6135598553112981,11.568375819090397,True
C6_Gy_PSa_T2_27nov24_CDaza_corr,8.79635580652332,0.1925571274039021,5.312134989815914,True
C6_Gy_PSb_T1_27nov24_CGomez_corr,365.83030703954523,6.407108914513772,0.20702793637734684,True
C6_Gy_PSb_T2_27nov24_CGomez_corr,136.7316121521495,5.416747339022507,13.137797772414508,True
C6_Gy_PSb_T3_27nov24_CGomez_corr,188.75215061415537,6.01763783811813,22.1360661850778,True
C6_PB_PP_T2_19nov24_CGomez_Corr,34.38296677590967,0.19727051634924023,5.836657845189662,True
C6_PB_PSb_T1_19nov24_HBenavides_Corr,179.0596506671661,6.076168964922255,5.170868218674672,True
C6_PB_PSb_T2_19nov24_HBenavides_Corr,45.760327945398394,2.1362586580414944,29.14019109538425,True
C6_PB_PSb_T3_19nov24_HBenavides_Corr,76.24179173525275,1.8225490567767038,44.886707633934094,True
C7_BC_EM_T1_29nov24_CGomez_corr,58.9171044898064,6.5923225164032955,62.50707815714066,True
C7_BC_EM_T2_29nov24_CGomez_corr,79.09166546147499,4.68630515022973,56.423374664576755,True
C7_BC_EM_T3_29nov24_CGomez_corr,63.96993567679613,3.9595562030310365,0.0,False
C7_BC_EP_T1_29nov24_CDaza_corr,156.71897470558332,6.531962895129379,0.0,False
C7_BC_EP_T2_29nov24_CDaza_corr,225.94956761696844,2.1262667662165873,19.15248829863547,True
C7_BC_EP_T3_29nov24_CDaza_corr,99.44214293316887,5.226880837082504,0.0,False
C7_BC_ESa_T1_29nov24_CDaza_corr,12.404996516333199,0.2958485954463371,3.848970867401085,True
C7_BC_ESa_T2_29nov24_CDaza_corr,53.995008145990965,1.883660475525733,70.3769949208641,True
C7_BC_ESa_T3_29nov24_CDaza_corr,98.60868067360816,2.519604129698054,7.792693436239801,True
C7_BC_ESb_T1_29nov24_CGomez_corr,57.85718159292756,6.324715585998092,19.595132397036462,True
C7_BC_ESb_T2_29nov24_CGomez_corr,54.4850201376766,5.766354525418319,56.68514798298517,True
C7_BC_ESb_T3_29nov24_CGomez_corr,78.96617337311619,2.5438162267797866,3.042522481333117,True
C7_BC_PM_T1_29nov24_CDaza_corr,155.3696440880548,6.847351115528736,0.0,False
C7_BC_PM_T2_29nov24_CDaza_corr,112.89414650722765,5.489347757076975,37.4288168882609,True
C7_BC_PM_T3_29nov24_CDaza_corr,75.10117549961964,4.164157149033278,90.4657581016872,True
C7_BC_PP_T1_29nov24_HBenavides_corr,563.2631138934026,3.4588875940529946,5.437069129149227,True
C7_BC_PP_T2_29nov24_HBenavides_corr,360.719003220944,4.314317993006309,36.011752109235005,True
C7_BC_PP_T3_29nov24_HBenavides_corr,384.3797003148892,4.075837986872135,0.0,False
C7_BC_PSa_T1_29nov24_CDaza_corr,81.00640775441468,5.811586974851127,16.953361618218384,True
C7_BC_PSa_T2_29nov24_CDaza_corr,134.60258476720477,6.108403517361266,0.841869543579033,True
C7_BC_PSa_T3_29nov24_CDaza_corr,144.64223183290622,5.749168789552681,23.845854914795773,True
C7_BC_PSb_T1_29nov24_HBenavides_corr,99.12794534251948,6.525541138227684,13.226200772847118,True
C7_BC_PSb_T2_29nov24_HBenavides_corr,144.65014709322872,5.212269068962591,30.796239792642044,True
C7_Gr_PM_T1_30nov24_CGomez_corr,147.90164664496524,5.6701987761018495,3.9221126447641175,True
C7_Gr_PM_T2_30nov24_CGomez_corr,135.98696763637417,6.190317444908801,21.299372606790058,True
C7_Gr_PM_T3_30nov24_CGomez_corr,183.73820075103094,5.737791378487862,27.299176424576693,True
C7_Gr_PP_T1_30nov24_HBenavides_corr,160.75032746676956,5.920806499655956,7.792383269090916,True
C7_Gr_PP_T2_30nov24_HBenavides_corr,254.85790919560336,6.395348421782955,8.474031301694584,True
C7_Gr_PP_T3_30nov24_HBenavides_corr,234.41876011537906,6.585877827044898,3.1971163703791188,True
C7_Gr_PSa_T1_30nov24_CDaza_corr,81.13853158563147,3.344825440310758,30.445564809538205,True
C7_Gr_PSa_T2_30nov24_CDaza_corr,92.69353285123385,2.508232351880707,23.816780568603917,True
C7_Gr_PSa_T3_30nov24_CDaza_corr,88.21209533899764,2.5385329495623203,31.332747150654477,True
C7_Gy_EM_T1_27nov24_CGomez_corr,226.51684701245188,6.5439834532988606,67.89287872152752,True
C7_Gy_EM_T2_27nov24_CGomez_corr,66.0303131823157,6.963604468047241,70.55223204243374,True
C7_Gy_EP_T1_27nov24_HBenavides_corr,174.91268427431987,6.469312031444981,0.38603640628900066,True
C7_Gy_EP_T2_27nov24_HBenavides_corr,131.77277403270594,6.103944215294022,31.542704207413173,True
C7_Gy_EP_T3_27nov24_HBenavides_corr,86.2227518430391,6.283356433225613,81.8756511783764,True
C7_Gy_ESa_T1_27nov24_HBenavides_corr,509.4298080586881,5.639385459736444,12.193765415718294,True
C7_Gy_ESa_T2_27nov24_HBenavides_corr,408.1448434569136,6.308125473326988,26.140809255667115,True
C7_Gy_ESa_T3_27nov24_HBenavides_corr,134.42352622804017,2.473664326267746,12.58963931492546,True
C7_Gy_ESb_T1_27nov24_CGomez_corr,238.3929031949529,4.900352314821644,38.4891778668189,True
C7_Gy_ESb_T2_27nov24_CGomez_corr,221.3071220220441,6.113226744282668,14.277243962934424,True
C7_Gy_ESb_T3_27nov24_CGomez_corr,58.33920743712779,1.9316495688848898,5.383132093772944,True
C7_Gy_PM_T1_27nov24_CGomez_corr,109.4186598787014,5.674257281215233,31.767944881853573,True
C7_Gy_PM_T2_27nov24_CGomez_corr,369.24451389021647,6.487270477975495,6.590000740610212,True
C7_Gy_PM_T3_27nov24_CGomez_corr,145.0732449109084,6.676583291915463,74.35315710125946,True
C7_Gy_PP_T1_27nov24_CDaza_corr,140.6223328275332,6.042149844693994,6.271759633247805,True
C7_Gy_PP_T2_27nov24_CDaza_corr,373.245529807517,6.193883610906131,8.927229632670668,True
C7_Gy_PP_T3_27nov24_CDaza_corr,125.23293031743026,4.620121165850989,52.56631322603664,True
C7_Gy_PSa_T1_27nov24_CDaza_corr,122.52315269511466,2.7884720290122122,2.111699825901438,True
C7_Gy_PSa_T2_27nov24_CDaza_corr,48.50631711199945,1.3338819485486204,80.05183220370589,True
C7_Gy_PSb_T1_27nov24_CGomez_corr,221.29249071945904,6.568486809870245,88.37073974582935,True
C7_Gy_PSb_T2_27nov24_CGomez_corr,157.56785766914123,4.526033400661479,34.86701215170284,True
C7_Gy_PSb_T3_27nov24_CGomez_corr,156.73470287905198,5.787191092403955,48.36966595522584,True
C7_PB_PM_T1_19nov24_CGomez_Corr,80.91167160115718,4.906054559704497,0.0,False
C7_PB_PM_T2_19nov24_CGomez_Corr,9.58479084999381,0.614888908039619,0.0,False
C7_PB_PP_T1_19nov24_CGomez_Corr,144.20615699942115,6.582703642253905,0.0,False
C7_PB_PP_T2_19nov24_CGomez_Corr,122.93458966209931,4.820036461871646,0.0,False
C7_PB_PP_T3_19nov24_CGomez_Corr,25.74913299078624,1.3291307507635859,0.0,False
C7_PB_PSA_T1_19nov24_HBenavides_Corr,17.174032850591267,0.403715134002825,71.63946044339625,True
C7_PB_PSA_T2_19nov24_HBenavides_Corr,11.866280080310812,0.22965001895772025,0.0,False
C7_PB_PSb_T1_19nov24_HBenavides_Corr,5.57739582042025,0.19884066566918948,0.0,False
C7_PB_PSb_T2_19nov24_HBenavides_Corr,159.73536026268394,3.527897247871147,13.296752140962614,True
C7_PB_PSb_T3_19nov24_HBenavides_Corr,49.17143305986121,1.0847582719516728,4.02466014909588,True
C8_BC_EM_T1_29nov24_CGomez_corr,203.73499072018504,5.237437836305076,21.29320198321781,True
C8_BC_EM_T2_29nov24_CGomez_corr,102.01534075059217,4.033779727996127,8.197247280898324,True
C8_BC_EM_T3_29nov24_CGomez_corr,80.73294167510615,2.5108849831794102,30.963753722867825,True
C8_BC_EP_T1_29nov24_CDaza_corr,71.53764726276245,5.1960419648126805,84.06903677500713,True
C8_BC_EP_T2_29nov24_CDaza_corr,142.44143810697204,2.377535443875589,4.39394792095067,True
C8_BC_EP_T3_29nov24_CDaza_corr,245.0715529004377,4.403895824733922,5.149085800893414,True
C8_BC_ESa_T1_29nov24_CDaza_corr,43.768087108865,1.0910780905234778,20.117225239925286,True
C8_BC_ESa_T2_29nov24_CDaza_corr,90.9832901183164,2.796230651797718,19.021486243192616,True
C8_BC_ESa_T3_29nov24_CDaza_corr,25.54568074939247,0.5990562830029594,52.03724335508515,True
C8_BC_ESb_T1_29nov24_CGomez_corr,132.3486238185921,6.153719465525304,33.55899593903106,True
C8_BC_ESb_T2_29nov24_CGomez_corr,121.04719729143468,5.007680720923377,37.30366630813761,True
C8_BC_ESb_T3_29nov24_CGomez_corr,72.99860986511574,4.35592813773745,0.0,False
C8_BC_PM_T1_29nov24_CDaza_corr,129.77472194051182,6.88418603877398,17.533246105279186,True
C8_BC_PM_T2_29nov24_CDaza_corr,95.31919843309498,6.244140432981731,62.32783397430784,True
C8_BC_PM_T3_29nov24_CDaza_corr,116.5419371724863,6.6845767816454735,9.382594807596499,True
C8_BC_PP_T1_29nov24_HBenavides_corr,387.5238164967875,2.6978995950582307,83.2434898019711,True
C8_BC_PP_T2_29nov24_HBenavides_corr,40.72100887541115,1.8200448659019712,0.0,False
C8_BC_PP_T3_29nov24_HBenavides_corr,275.05880173358344,4.45906168265047,35.67254613853408,True
C8_BC_PSa_T1_29nov24_CDaza_corr,97.43190221440823,4.435486889993276,45.480300166257116,True
C8_BC_PSa_T2_29nov24_CDaza_corr,49.9895812040859,5.583527592984006,60.50537995697625,True
C8_BC_PSa_T3_29nov24_CDaza_corr,96.30438555246505,3.7576384205991857,7.291236404441398,True
C8_BC_PSb_T1_29nov24_HBenavides_corr,87.31223285838418,4.222380392261862,26.313197251256714,True
C8_BC_PSb_T2_29nov24_HBenavides_corr,61.45215316447612,7.3973341297730535,1.163458594123595,True
C8_Gr_PM_T1_30nov24_CGomez_corr,139.641132127536,4.928905363796117,4.3653197736048694,True
C8_Gr_PM_T2_30nov24_CGomez_corr,84.55852772736502,6.139770429754885,24.29367667984932,True
C8_Gr_PM_T3_30nov24_CGomez_corr,122.07046348229926,5.2326366053552515,34.71546112178282,True
C8_Gr_PP_T1_30nov24_HBenavides_corr,170.6159111718061,5.460201269544776,1.7043175495353735,True
C8_Gr_PP_T2_30nov24_HBenavides_corr,208.39001019987376,5.585544775770181,0.4290163140792165,True
C8_Gr_PP_T3_30nov24_HBenavides_corr,139.33637424599826,5.761124994253239,29.986353803765226,True
C8_Gr_PSa_T1_30nov24_CDaza_corr,27.709609488304224,0.6483879974060144,53.64312394467091,True
C8_Gr_PSa_T2_30nov24_CDaza_corr,91.23199606943489,3.027489533973351,30.514995391278145,True
C8_Gr_PSa_T3_30nov24_CDaza_corr,141.59723086556173,3.835767994460333,46.26082970881815,True
C8_Gy_EM_T1_27nov24_CGomez_corr,108.97413392056184,5.714658005426542,19.838729575465074,True
C8_Gy_EM_T2_27nov24_CGomez_corr,284.76955742540883,6.44813325029695,0.0,False
C8_Gy_EP_T1_27nov24_HBenavides_corr,385.73325925043986,6.007029632386916,3.4315269367046057,True
C8_Gy_EP_T2_27nov24_HBenavides_corr,115.60339924045029,2.897442155087308,32.37714177901592,True
C8_Gy_EP_T3_27nov24_HBenavides_corr,174.2238985796516,6.506217769561618,92.40266592683524,True
C8_Gy_ESa_T1_27nov24_HBenavides_corr,206.5871082392637,4.581848200581121,8.279993932959199,True
C8_Gy_ESa_T2_27nov24_HBenavides_corr,304.9630512848399,4.913371009295716,16.89114381323123,True
C8_Gy_ESa_T3_27nov24_HBenavides_corr,86.12271112552388,3.317503880401681,0.0,False
C8_Gy_ESb_T1_27nov24_CGomez_corr,163.25840135685354,4.88585569977316,18.17796558191862,True
C8_Gy_ESb_T2_27nov24_CGomez_corr,49.92221557355009,2.9490739954444427,0.0,False
C8_Gy_ESb_T3_27nov24_CGomez_corr,126.64956739694941,5.0509450163946354,58.649807040156844,True
C8_Gy_PM_T1_27nov24_CGomez_corr,157.72171186046253,6.524507229607592,28.104245044846692,True
C8_Gy_PM_T2_27nov24_CGomez_corr,340.7339740342193,6.277261461485821,4.236343633692987,True
C8_Gy_PM_T3_27nov24_CGomez_corr,289.2561309038536,6.531421349681546,18.04861487327123,True
C8_Gy_PP_T1_27nov24_CDaza_corr,331.24807231774986,5.7229025418133235,0.5478383257735211,True
C8_Gy_PP_T2_27nov24_CDaza_corr,179.6364769341098,2.4173570929969745,9.752963373889715,True
C8_Gy_PP_T3_27nov24_CDaza_corr,140.2960110962398,4.679392006435764,0.0,False
C8_Gy_PSa_T1_27nov24_CDaza_corr,77.95370548187277,1.2765766642569492,13.618281431755419,True
C8_Gy_PSb_T1_27nov24_CGomez_corr,340.3004802066268,6.661856107111641,1.7022703516299562,True
C8_Gy_PSb_T2_27nov24_CGomez_corr,73.93897233175602,6.508918957915979,50.48909513837345,True
C8_Gy_PSb_T3_27nov24_CGomez_corr,115.79674206666394,3.349089750650873,49.09781283208815,True
C8_PB_PM_T1_19nov24_CGomez_Corr,46.59174767847152,0.4551744870883424,0.0,False
C8_PB_PP_T1_19nov24_CGomez_Corr,64.06041032484696,3.939226536345069,0.0,False
C8_PB_PP_T3_19nov24_CGomez_Corr,7.311494710685682,0.40972897834508765,0.0,False
C8_PB_PSA_T1_19nov24_HBenavides_Corr,34.723715587979896,2.0360020646268047,73.57669527947532,True
C8_PB_PSA_T2_19nov24_HBenavides_Corr,33.79094439447648,0.21287841893357531,50.76264078600528,True
C8_PB_PSb_T1_19nov24_HBenavides_Corr,99.53645861956575,4.286227666846713,0.0,False
C8_PB_PSb_T2_19nov24_HBenavides_Corr,94.63238899458764,3.6539814701500317,0.0,False
C8_PB_PSb_T3_19nov24_HBenavides_Corr,27.346727175063844,0.6269799430336941,46.861864399242215,True
C9_BC_EM_T1_29nov24_CGomez_corr,142.33047290981497,6.545317523534768,27.342004893956172,True
C9_BC_EM_T2_29nov24_CGomez_corr,49.52484651528192,2.734121572519452,28.429315799268036,True
C9_BC_EM_T3_29nov24_CGomez_corr,87.94508266797916,2.630923020290776,12.379660492908087,True
C9_BC_EP_T1_29nov24_CDaza_corr,169.85183534102097,5.229088737127417,5.709482648406381,True
C9_BC_EP_T2_29nov24_CDaza_corr,69.5166889631708,2.9417893691883465,4.480640085674827,True
C9_BC_EP_T3_29nov24_CDaza_corr,220.96459368123476,6.410736107966523,6.852538705904093,True
C9_BC_ESa_T1_29nov24_CDaza_corr,44.95862800297799,0.6406707168433734,36.273363115685335,True
C9_BC_ESa_T2_29nov24_CDaza_corr,66.52444956831522,1.29597103179678,10.846512803101485,True
C9_BC_ESa_T3_29nov24_CDaza_corr,40.238093784510255,1.0913942366369687,27.43723055168464,True
C9_BC_ESb_T1_29nov24_CGomez_corr,149.06946944809613,5.252368868380075,2.878305512028021,True
C9_BC_ESb_T2_29nov24_CGomez_corr,79.1809036057726,3.735654333917436,2.8840220279714432,True
C9_BC_ESb_T3_29nov24_CGomez_corr,44.915974570003534,1.4173609512001777,59.57217948978142,True
C9_BC_PM_T1_29nov24_CDaza_corr,93.03356887544643,5.60546729793774,41.4328474429537,True
C9_BC_PM_T2_29nov24_CDaza_corr,115.97859576853008,6.131304513251995,0.0,False
C9_BC_PM_T3_29nov24_CDaza_corr,132.48374573245832,5.561448593536311,30.540173196359337,True
C9_BC_PP_T1_29nov24_HBenavides_corr,284.57568363103707,5.354096873134573,5.935444532139802,True
C9_BC_PP_T2_29nov24_HBenavides_corr,107.52691162806256,2.099917542417314,42.56240744951666,True
C9_BC_PP_T3_29nov24_HBenavides_corr,269.62829146707764,5.142318880680984,21.16724267981756,True
C9_BC_PSa_T1_29nov24_CDaza_corr,76.81630842123623,5.178777484123604,54.22900824249661,True
C9_BC_PSa_T2_29nov24_CDaza_corr,84.22710360650977,5.24743038867667,0.0,False
C9_BC_PSa_T3_29nov24_CDaza_corr,91.28374978174315,6.348928033118237,0.2284359175003611,True
C9_BC_PSb_T1_29nov24_HBenavides_corr,101.1854616175627,5.030980746888689,50.49841752567274,True
C9_BC_PSb_T2_29nov24_HBenavides_corr,154.65217538237013,5.519981131267954,32.39790231270207,True
C9_Gr_PM_T1_30nov24_CGomez_corr,181.70672023293125,5.938401625401912,2.982875119143771,True
C9_Gr_PM_T2_30nov24_CGomez_corr,111.26129923529302,5.206305293021773,2.953175036813619,True
C9_Gr_PM_T3_30nov24_CGomez_corr,157.84320250852883,5.642583735496519,7.229906536325438,True
C9_Gr_PP_T1_30nov24_HBenavides_corr,152.3708021987232,5.694511817512041,2.14221893988599,True
C9_Gr_PP_T2_30nov24_HBenavides_corr,158.96381932398262,4.444114051619884,0.0,False
C9_Gr_PP_T3_30nov24_HBenavides_corr,182.77814376301455,5.819617882524694,4.241107203376859,True
C9_Gr_PSa_T1_30nov24_CDaza_corr,39.39580505740075,0.9828174204567123,0.0,False
C9_Gr_PSa_T2_30nov24_CDaza_corr,47.30552150094311,1.4795699968825426,4.033655654426083,True
C9_Gr_PSa_T3_30nov24_CDaza_corr,66.19537433469962,2.121249407703063,60.3412346760208,True
C9_Gy_EM_T1_27nov24_CGomez_corr,132.90682683659915,5.953036230209807,27.65824986574184,True
C9_Gy_EM_T2_27nov24_CGomez_corr,185.29390185402542,6.520748335421247,71.07738979625805,True
C9_Gy_EP_T1_27nov24_HBenavides_corr,279.04498461321856,6.370695159909831,24.844874765935298,True
C9_Gy_EP_T2_27nov24_HBenavides_corr,232.12901547481727,5.862194462573467,32.9188144214535,True
C9_Gy_EP_T3_27nov24_HBenavides_corr,190.11847696534667,6.110156184708892,29.447079640549074,True
C9_Gy_ESa_T1_27nov24_HBenavides_corr,127.21240770378469,5.2277655287873035,3.7390389062798035,True
C9_Gy_ESa_T2_27nov24_HBenavides_corr,499.90390128740245,6.423488204327445,1.2534627430813179,True
C9_Gy_ESa_T3_27nov24_HBenavides_corr,52.082253432960215,2.2683751200822506,20.699544772975642,True
C9_Gy_ESb_T1_27nov24_CGomez_corr,206.78067016405717,5.482396450953091,8.416189678218727,True
C9_PB_PM_T1_19nov24_CGomez_Corr,42.18972519954845,1.6774244883428393,0.0,False
C9_PB_PM_T2_19nov24_CGomez_Corr,33.18060966168071,1.431343935922241,0.0,False
C9_PB_PP_T1_19nov24_CGomez_Corr,137.8931222416183,6.607350524813299,0.0,False
C9_PB_PP_T2_19nov24_CGomez_Corr,103.1511424493169,3.3120044659528523,0.0,False
C9_PB_PP_T3_19nov24_CGomez_Corr,55.45574201607948,0.2852156072151573,64.83822137337731,True
C9_PB_PSb_T1_19nov24_HBenavides_Corr,113.51401664892589,5.393386554072307,71.36202663381522,True
C9_PB_PSb_T2_19nov24_HBenavides_Corr,91.73173216220367,4.54540363158801,2.8435915762777073,True
C9_PB_PSb_T3_19nov24_HBenavides_Corr,53.98471871380906,1.9720103661085617,0.8265781833793786,True
