image_stem,texture_score,perc_bleached,median_whiteness_score,mean_whiteness_score,severity
C10_BC_PM_T1_29nov24_CDaza_corr,0.2096311275457951,16.614988931659084,-0.5484887957928386,-0.4838852320585191,-0.21936000011205103
C10_BC_PM_T2_29nov24_CDaza_corr,0.20536939017832676,68.69891489310838,-0.3214155387223425,-0.10050546037480518,-0.1077412164188685
C10_BC_PM_T3_29nov24_CDaza_corr,0.401174211194142,19.60725336399786,-0.262619917121381,-0.19058291106340874,-0.029200358542225663
C10_BC_PP_T1_29nov24_HBenavides_corr,-0.39203922024615473,2.608736602330415,-0.17572414676799414,0.0848445253692533,-0.1860405228838476
C10_BC_PP_T2_29nov24_HBenavides_corr,-0.07906764971144428,36.61500417234853,-0.445817234892203,-0.2967007699261792,-0.2411851662148565
C10_BC_PP_T3_29nov24_HBenavides_corr,-0.0077342521312926404,17.57497707860831,-0.2414318113591281,-0.11666511274609231,-0.121768855772125
C10_BC_PSb_T1_29nov24_HBenavides_corr,0.3499665368476005,82.91286205434936,0.9417833767241346,1.4887956617377074,0.5556182306789926
C10_BC_PSb_T2_29nov24_HBenavides_corr,0.43329128978431,95.40107545524184,0.4820674044554249,0.5707655563935328,0.34847366275055397
C10_Gr_PM_T1_30nov24_CGomez_corr,-0.08706777067238097,1.7163607304503046,-0.4311901991523127,-0.5951159831972772,-0.2359427734075792
C10_Gr_PM_T2_30nov24_CGomez_corr,0.25019167865963116,58.25319268569905,1.778572259493184,1.7787445847984658,0.9457515949328108
C10_Gr_PM_T3_30nov24_CGomez_corr,0.19450227545477572,21.791229232785085,-0.36980368357379095,-0.2822383037289095,-0.1344950943198099
C10_Gr_PP_T1_30nov24_HBenavides_corr,-0.3643197286393923,34.73517923480296,-0.11987435025145622,-0.04801280398521582,-0.15133513336507895
C10_Gr_PP_T2_30nov24_HBenavides_corr,0.05914863828688708,33.784654472781455,-0.3334954659136408,-0.0439011326268685,-0.15059785228245753
C10_Gr_PP_T3_30nov24_HBenavides_corr,0.34880402489013507,33.58629709249557,0.7294289322062599,0.8227386621612094,0.4499367520641344
C10_Gr_PSa_T1_30nov24_CDaza_corr,0.3280554033138047,96.17612027806308,1.8145952324435397,1.9060898031625484,0.9832583395075709
C10_Gr_PSa_T2_30nov24_CDaza_corr,0.028320248526055136,43.11675824468029,0.2366570475013744,0.41719637987154035,0.12458884017117083
C10_Gr_PSa_T3_30nov24_CDaza_corr,0.28154303704789196,94.82467757036936,1.6199747167791643,1.8725672713050323,0.8749454723863379
C10_PB_PM_T1_19nov24_CGomez_Corr,-0.09917807393188614,100.0,2.635504598297684,2.547435199277074,1.282960197462159
C10_PB_PM_T2_19nov24_CGomez_Corr,0.21811316469563802,0.0,-0.5857504100498189,-0.5103256067460811,-0.23571411551632826
C10_PB_PP_T1_19nov24_CGomez_Corr,0.15993640102653328,95.44524188908656,1.6241076142044002,1.3548088247892673,0.8463401245419537
C10_PB_PP_T2_19nov24_CGomez_Corr,0.1691466762829856,0.0,-0.5390301943084058,-0.6667029600992042,-0.22487176838061834
C10_PB_PP_T3_19nov24_CGomez_Corr,0.21106992142787445,0.0,-0.6118876602318726,-0.7753906875617085,-0.2504612192872998
C10_PB_PSA_T1_19nov24_HBenavides_Corr,-0.015670268748390365,0.0,-0.8731968293346746,-0.9591924259420412,-0.4373052553106713
C10_PB_PSb_T1_19nov24_HBenavides_Corr,0.3157460580902125,81.91004125802131,1.98598993943249,2.04793786765012,1.0652159075082785
C10_PB_PSb_T2_19nov24_HBenavides_Corr,0.31876384287933834,52.143846229312494,0.6290257705417317,0.908702402898303,0.3925351421270629
C10_PB_PSb_T3_19nov24_HBenavides_Corr,0.11226464017436383,4.315320881027693,-0.04998536277533209,-0.16049943849163745,0.0034943658031595763
C11_BC_PM_T1_29nov24_CDaza_corr,0.28273792408809517,34.25062553608769,-0.4379067453461736,0.17463145721387385,-0.14604987090801907
C11_BC_PM_T2_29nov24_CDaza_corr,0.31478925913884176,50.06404437752703,-0.52518146037358,-0.4574775067479179,-0.18128305313359327
C11_BC_PM_T3_29nov24_CDaza_corr,0.24914877178264322,37.96498624143644,-0.017983487541676002,0.6976597472959608,0.05388425724422102
C11_BC_PP_T1_29nov24_HBenavides_corr,0.08511909235096256,0.0,-0.4837056762751218,-0.8807452694279839,-0.21859796400454812
C11_BC_PP_T2_29nov24_HBenavides_corr,-0.1361118096774205,0.0,-0.26484855317674844,-0.05610314434145783,-0.1657536044937793
C11_BC_PP_T3_29nov24_HBenavides_corr,0.3538407098575455,64.8278657930181,0.39775028032640836,0.4053365139587502,0.28659919647224896
C11_Gr_PM_T1_30nov24_CGomez_corr,0.3585407972028891,46.77538521043525,0.7304623152038383,0.8377931886439425,0.4529041981721647
C11_Gr_PM_T2_30nov24_CGomez_corr,0.07129883654554947,21.979092314189767,-0.46840047408306484,-0.5313332070666503,-0.21448623490915775
C11_Gr_PM_T3_30nov24_CGomez_corr,0.331849454360835,67.98797025814709,0.2556366472564822,0.38480809893039786,0.21052638309063432
C11_Gr_PP_T1_30nov24_HBenavides_corr,0.007791073122611257,74.74995887832898,0.32700417344929555,0.10873758871210298,0.16425149584566043
C11_Gr_PP_T2_30nov24_HBenavides_corr,-0.19027207637332297,16.89014172155715,-0.16867626735636157,-0.029309425775137614,-0.1316782422985916
C11_Gr_PP_T3_30nov24_HBenavides_corr,0.10037596239678193,4.556801823515867,-0.44170175062020245,-0.1249241137528925,-0.1939058449393429
C11_Gr_PSa_T1_30nov24_CDaza_corr,0.23845293886294044,91.9702366050552,0.9374645947189684,0.9895620893909991,0.5253628436042834
C11_Gr_PSa_T2_30nov24_CDaza_corr,0.28518221250586506,95.7458507873581,0.7062462064213605,0.6615683020651093,0.4223927521423354
C11_Gr_PSa_T3_30nov24_CDaza_corr,0.044846549270817465,11.18668730981783,0.7812619804113221,0.4005146902816268,0.39903452923444394
C11_PB_PM_T1_19nov24_CGomez_Corr,0.1582990813465533,24.96784774189992,-0.763772192722716,-0.49239170154744816,-0.33914257196125436
C11_PB_PP_T1_19nov24_CGomez_Corr,0.11700868457873961,9.286414944130108,0.20171163123780705,0.03637985520749652,0.1296038651732984
C11_PB_PP_T2_19nov24_CGomez_Corr,-0.007100050351834308,0.0,-0.8750559693371687,-0.9834411575341715,-0.43606740879677974
C11_PB_PP_T3_19nov24_CGomez_Corr,0.1406704802327362,0.0,-0.5964439724281265,-0.889145438484831,-0.2605441006974393
C11_PB_PSA_T1_19nov24_HBenavides_Corr,0.41037358360060205,86.57304953476184,0.2631810733859682,0.2529174267582687,0.23406612485759268
C11_PB_PSb_T1_19nov24_HBenavides_Corr,0.1714026880032538,69.15840777893727,0.9894324749122754,0.8881581283021687,0.5342507010835001
C11_PB_PSb_T2_19nov24_HBenavides_Corr,0.2501222484282678,34.43474463252913,-0.5032639888212207,-0.15748308367254907,-0.18670797205772197
C11_PB_PSb_T3_19nov24_HBenavides_Corr,0.32540470741769956,80.40947113641536,1.2764239426664865,1.3159080556387468,0.7155035465868542
C12_BC_PM_T1_29nov24_CDaza_corr,0.435900235464599,85.58373635983234,0.17273452173662582,0.030844711446001163,0.1956139652939246
C12_BC_PM_T2_29nov24_CDaza_corr,0.34750154622418156,21.35797211673257,-0.14742905952246288,0.01899203027826063,0.014436565597699832
C12_BC_PM_T3_29nov24_CDaza_corr,0.3885669882482536,60.8468819807099,0.7297741813690817,1.0645930475066325,0.46013214487203313
C12_BC_PP_T3_29nov24_HBenavides_corr,0.19441313258676526,29.22532877499054,-0.19938479291565045,0.40211342196711736,-0.04994115584787302
C12_Gr_PM_T1_30nov24_CGomez_corr,-0.00955749903505032,19.847001082478634,-0.6138023356981572,-0.5441110792001344,-0.3070305500683082
C12_Gr_PM_T2_30nov24_CGomez_corr,0.22936757586857515,68.37653662428035,1.3506397616437518,1.5181070819198257,0.7281252793621616
C12_Gr_PM_T3_30nov24_CGomez_corr,0.27909839834876193,75.35967384307878,-0.056781043336822025,-0.05571845584608399,0.04217975187397618
C12_Gr_PP_T3_30nov24_HBenavides_corr,-0.19939475283385935,0.0,-0.31255900483059734,-0.32041501571093933,-0.20538492989058704
C12_Gr_PSa_T1_30nov24_CDaza_corr,0.18257236145293515,55.731688453135966,0.43991825899490083,0.6008533553799917,0.2643506275302449
C12_Gr_PSa_T2_30nov24_CDaza_corr,0.2151236438135023,0.0,0.19469940009693465,0.011446701160997136,0.15085810361077392
C12_Gr_PSa_T3_30nov24_CDaza_corr,0.18130780782042835,5.706369582823668,0.010965991426838878,-0.06580892112714709,0.051149082825075694
C12_PB_PM_T1_19nov24_CGomez_Corr,0.3295600362107382,59.95840450052413,-0.4015748103238734,-0.05832200485302613,-0.11621523329505803
C12_PB_PP_T1_19nov24_CGomez_Corr,0.09692470608629944,0.0,0.6357561169275951,0.25065388619382073,0.33995074183429547
C12_PB_PP_T2_19nov24_CGomez_Corr,0.2332283442582314,0.0,-0.4807536721843543,-0.6311920536555676,-0.17979530158597
C12_PB_PSA_T3_19nov24_HBenavides_Corr,-0.24976262127523427,5.294723849923908,-0.34009839239321926,-0.7244756593551073,-0.23174982239560532
C12_PB_PSb_T1_19nov24_HBenavides_Corr,0.08193001422711532,12.222839233703382,-0.3853282349251589,-0.121314070680263,-0.1705786252376839
C12_PB_PSb_T2_19nov24_HBenavides_Corr,0.18498176793745374,7.754709320680512,-0.5529359736142466,-0.5614133669972051,-0.22778105392988438
C13_BC_PM_T1_29nov24_CDaza_corr,0.17978998989425027,4.601813525400554,-0.6267887096982703,-1.1673173362376563,-0.26574191230166244
C13_BC_PM_T2_29nov24_CDaza_corr,0.3019072928740528,41.951480329103696,-0.4163881578916093,-0.3364752544940883,-0.13053800454028103
C13_BC_PM_T3_29nov24_CDaza_corr,0.32326493735540646,56.66031835465694,-0.381632658518602,-0.13037523068052898,-0.10790519804810994
C13_BC_PP_T3_29nov24_HBenavides_corr,-0.2052721581360545,67.4811895323351,0.3297935779045774,1.0583642787273746,0.1119236268520088
C13_Gr_PM_T1_30nov24_CGomez_corr,0.034692268967901174,0.0,-0.43775402376099,-0.6339684217188255,-0.20850518697458623
C13_Gr_PM_T3_30nov24_CGomez_corr,0.21120922935901826,98.11225217200868,0.0564585976888381,-0.0658186601888309,0.08126440379349718
C13_Gr_PP_T3_30nov24_HBenavides_corr,-0.052054850884037024,12.32005812423779,-0.4402705523880529,-0.2597991771870208,-0.2316226326599139
C13_Gr_PSa_T1_30nov24_CDaza_corr,0.1143603242035704,2.252893544535859,0.9550759314413444,0.7840814067993535,0.5028199454987354
C13_Gr_PSa_T3_30nov24_CDaza_corr,-0.064567340786852,6.538729052425975,-0.23823808688391834,-0.40719104570827835,-0.13451120355580606
C13_PB_PM_T1_19nov24_CGomez_Corr,0.2407588450746403,0.0,-0.35095428141291446,-0.4611688181331241,-0.11347935342313525
C13_PB_PP_T2_19nov24_CGomez_Corr,0.15710706852248996,0.0,-0.4924004347194366,-0.5562388050262475,-0.2047652253616392
C13_PB_PSb_T2_19nov24_HBenavides_Corr,0.23430315070369984,96.24851234927904,1.850779284565152,1.9862450846354385,0.9775814677697635
C14_BC_PM_T1_29nov24_CDaza_corr,0.2916973944165784,19.44726459754264,-0.5350477723746064,-0.27042466042993907,-0.1920009073158372
C14_BC_PM_T2_29nov24_CDaza_corr,0.3128426782884554,35.27935857892442,-0.29984235866488657,0.2699379429182637,-0.06994126570806335
C14_BC_PM_T3_29nov24_CDaza_corr,0.36739672215443303,50.45009201636164,-0.4280635590288173,-0.49030776754670913,-0.11982276764216097
C14_Gr_PM_T3_30nov24_CGomez_corr,0.0912437039959336,14.84655953364172,-0.06979324368621209,-0.12087013748502765,-0.011635273028126156
C14_Gr_PP_T3_30nov24_HBenavides_corr,-0.09709495530186364,12.539589936035908,0.08762477203744656,0.12463228357652587,0.019009728444642732
C14_Gr_PSa_T1_30nov24_CDaza_corr,0.2799573417723049,0.0,0.5231022786315441,0.6264660791214411,0.33018392613697845
C14_Gr_PSa_T3_30nov24_CDaza_corr,0.17987997677638645,64.0120712089178,0.7326093454113676,0.8190967390117838,0.4089302095295509
C14_PB_PM_T1_19nov24_CGomez_Corr,0.1656087143915097,0.0,-0.3668965942700032,-0.4462974150185624,-0.1403362752311516
C14_PB_PM_T3_19nov24_CGomez_Corr,0.0691376119302202,0.0,-0.052823083115991744,-0.12487416945217315,-0.008786068595224211
C15_BC_PM_T1_29nov24_CDaza_corr,0.0775461490498899,8.456182621949527,-0.737409961984043,-1.237921897825709,-0.34641680470481273
C15_BC_PM_T2_29nov24_CDaza_corr,0.25336377539857885,27.9467680608365,-0.45731371856816083,-0.6305171320890693,-0.16308634955757978
C15_BC_PM_T3_29nov24_CDaza_corr,0.3248316977859361,0.0,-0.5685504991833955,-0.5924998095572134,-0.20027482463755567
C15_Gr_PSa_T3_30nov24_CDaza_corr,0.28410170779102173,38.91035700153208,0.7842263629042558,0.6511149767593912,0.4608207769491067
C16_BC_PM_T1_29nov24_CDaza_corr,0.4300554396772885,90.67975585145668,1.3836418465788394,1.6815437455614326,0.7950961724892448
C16_Gr_PSa_T3_30nov24_CDaza_corr,0.04566663633001522,9.23319415302458,0.37079580158393216,0.26382367795711487,0.19553288870168697
C17_Gr_PSa_T3_30nov24_CDaza_corr,0.19328002871959835,18.8239393566994,0.32676618616888864,0.4034553778872516,0.21089425450238908
C18_Gr_PSa_T3_30nov24_CDaza_corr,-0.026374605002532997,3.970234213275011,0.03367246416263267,0.11102988812840739,0.010062242749435952
C19_Gr_PSa_T3_30nov24_CDaza_corr,-0.12362058047078336,4.413314179543367,-0.23024399734178622,-0.3814628465250049,-0.14543088947230778
C1_BC_EM_T1_29nov24_CGomez_corr,-0.016861231767559465,52.54401648145579,-0.6187451737831892,-0.6573479907714727,-0.3113248442350339
C1_BC_EM_T2_29nov24_CGomez_corr,0.31833973409324023,39.59473854156212,0.31582399020532265,0.46267003436192977,0.23699074882961574
C1_BC_EM_T3_29nov24_CGomez_corr,0.04395454253101225,52.77757321937187,1.1123622568566942,1.3265061948516803,0.5631298988585478
C1_BC_EP_T1_29nov24_CDaza_corr,-0.326397575737605,11.283350504849905,-0.2185306656773236,-0.01795346412330423,-0.19073683316404177
C1_BC_EP_T2_29nov24_CDaza_corr,0.0581020011758489,20.6614503480891,-0.2652916968619069,-0.049301199638878024,-0.11701316817226
C1_BC_EP_T3_29nov24_CDaza_corr,0.015491433058422793,3.631634524586186,-0.34472317581144335,-0.46036937066847217,-0.16717577123604702
C1_BC_ESa_T1_29nov24_CDaza_corr,0.2153833924389725,1.1346730208017035,0.0838699643736418,-0.06288210258395471,0.09592055177571508
C1_BC_ESa_T2_29nov24_CDaza_corr,0.20827212220115665,22.45896293880939,0.7065202910865629,0.5960577492973648,0.4031401147060075
C1_BC_ESa_T3_29nov24_CDaza_corr,0.06845079032484414,15.970877290680528,0.47758004857075675,0.5947967041789292,0.2542721286999021
C1_BC_ESb_T1_29nov24_CGomez_corr,0.38704541145333227,0.0,0.11135546275302999,-0.06387083929564585,0.15283636837955325
C1_BC_ESb_T2_29nov24_CGomez_corr,0.3151710122487564,5.321885350461015,0.1561132190925616,0.29244966366880637,0.15692980204637286
C1_BC_ESb_T3_29nov24_CGomez_corr,-0.12674905044703133,7.232721349222874,-0.38636908819151894,-0.3129651451777463,-0.22370216811412194
C1_BC_PM_T1_29nov24_CDaza_corr,0.246881502393434,40.89135495791838,-0.4033601302057472,-0.2843815018683984,-0.13794411988545574
C1_BC_PM_T2_29nov24_CDaza_corr,0.36047186692386324,100.0,0.227497239845302,0.09521413938909751,0.20377677715316375
C1_BC_PM_T3_29nov24_CDaza_corr,0.1800491937693496,17.93433788043968,-0.6222474081628708,-0.7293985492065647,-0.2634227865128182
C1_BC_PP_T1_29nov24_HBenavides_corr,0.307685845658742,38.72744616477621,0.5899478698054389,1.0598781534176343,0.3703486401925445
C1_BC_PP_T2_29nov24_HBenavides_corr,-0.06690363405205138,3.464372962588281,-0.4356765345462938,-0.6275339297515968,-0.23308599497495341
C1_BC_PP_T3_29nov24_HBenavides_corr,-0.797434612617017,0.0,-0.19419805904633886,-0.2209652806251881,-0.2974070732582122
C1_BC_PSa_T1_29nov24_CDaza_corr,0.2295054054950015,0.0,0.11430453614793087,-0.03366284994635557,0.11458487721896166
C1_BC_PSa_T2_29nov24_CDaza_corr,0.08927169477092936,1.5176087296507692,0.21927314458433095,0.10917492842043695,0.1313270272905521
C1_BC_PSa_T3_29nov24_CDaza_corr,0.02369547746286474,0.0,0.4165940914900364,0.13147819091568727,0.21272308945554144
C1_BC_PSb_T1_29nov24_HBenavides_corr,0.2361847455005223,13.009261657090414,-0.628473243737032,-1.014984370312465,-0.25236107694730403
C1_BC_PSb_T2_29nov24_HBenavides_corr,0.29332626271966106,98.3555410149038,-0.4811387129362465,-0.5643730942709196,-0.16483599721902017
C1_BC_PSb_T3_29nov24_HBenavides_corr,0.388500418854184,62.84091786352052,1.3312572587860751,1.2825665845405156,0.7586226455655818
C1_Gr_PM_T1_30nov24_CGomez_corr,0.30903914834018203,34.23075926125165,-0.05990099475420341,0.1555662357138528,0.0481792836838664
C1_Gr_PM_T2_30nov24_CGomez_corr,0.02227050648626365,13.986669496311272,-0.434426008786313,-0.3833750311543265,-0.2099850078833174
C1_Gr_PM_T3_30nov24_CGomez_corr,0.1440610776795669,68.63286570770516,0.26298980014050066,0.31075523012119666,0.16683510446322525
C1_Gr_PP_T1_30nov24_HBenavides_corr,-0.22630072169126575,0.5287324020782749,-0.39092283899031677,-0.4735336308586682,-0.25105862291844455
C1_Gr_PP_T2_30nov24_HBenavides_corr,-0.03568758900581508,6.02034674665397,-0.2649802668591138,-0.33082155228791477,-0.14050251191467275
C1_Gr_PP_T3_30nov24_HBenavides_corr,0.0751671286783789,27.068744963296226,-0.16409415363614327,0.024948041042116495,-0.06248826671305578
C1_Gr_PSa_T1_30nov24_CDaza_corr,-0.05968626459209683,36.20140876133013,0.5998031621416282,0.49819487317951255,0.2826269465254921
C1_Gr_PSa_T2_30nov24_CDaza_corr,0.20414270966782588,67.7870397694098,0.8519040590269888,0.7633699427861479,0.4742509543162101
C1_Gr_PSa_T3_30nov24_CDaza_corr,0.2553282632037591,51.38382043278924,0.7473488932606762,0.6796303871863553,0.43526538021947436
C1_Gy_EM_T1_27nov24_CGomez_corr,0.1081722433722825,37.08825821314739,0.17933733524638487,0.12435938111926984,0.11627220418387069
C1_Gy_EM_T2_27nov24_CGomez_corr,0.3080833122142881,63.46621357656671,0.0032463831095401567,0.040975154054791574,0.07927744505182235
C1_Gy_EP_T1_27nov24_HBenavides_corr,-0.9671855750056918,0.0,-0.07165740071080211,0.1316142762495835,-0.2793853273327602
C1_Gy_EP_T2_27nov24_HBenavides_corr,0.13068894950514218,25.199607888941213,-0.04947038306927626,0.12694121427374713,0.008394621965478254
C1_Gy_EP_T3_27nov24_HBenavides_corr,0.0671364573824399,77.56361740952929,0.3765858044976282,0.3228560884537766,0.2038188207495344
C1_Gy_ESa_T1_27nov24_HBenavides_corr,0.277555754961029,21.460592917043204,0.22160611149976966,0.10576429700219636,0.17995034537832427
C1_Gy_ESa_T2_27nov24_HBenavides_corr,-0.23014597064150688,10.081271003295274,0.10591928758497274,-0.055994982732704646,-0.005452487438819764
C1_Gy_ESa_T3_27nov24_HBenavides_corr,-0.15202503812803816,6.024559151732263,0.5735765820691846,0.33120643133351746,0.24633291912793676
C1_Gy_ESb_T1_27nov24_CGomez_corr,0.29819586207881005,14.549820431742576,0.26407563301919496,0.11107708533753818,0.2062306209040251
C1_Gy_ESb_T2_27nov24_CGomez_corr,0.2526528426209998,2.590467409775999,0.7886224540675962,0.773547865216859,0.45507438615077983
C1_Gy_ESb_T3_27nov24_CGomez_corr,0.002885591932609094,10.10206732511748,0.43207955082343874,0.18650624462534265,0.21516222570582844
C1_Gy_PM_T1_27nov24_CGomez_corr,0.3322144615214963,62.52482953453382,0.014277143431607386,0.19991797197445194,0.09083519657532811
C1_Gy_PM_T2_27nov24_CGomez_corr,-0.2734946889275026,0.2093434894792709,0.19613979292525868,0.13084494464913027,0.028394631918739283
C1_Gy_PM_T3_27nov24_CGomez_corr,0.24739358416365517,45.79237707329844,0.46451292074547657,0.39480874583633224,0.29289771622801863
C1_Gy_PP_T1_27nov24_CDaza_corr,-0.5152985740189417,5.241759253832565,-0.5877572782658079,-0.6720338680428029,-0.4215996458962413
C1_Gy_PP_T2_27nov24_CDaza_corr,0.027807414736692206,41.30389985145219,-0.31958512691027186,0.19019395409591172,-0.1515953246510221
C1_Gy_PP_T3_27nov24_CDaza_corr,-0.46774193975942685,19.14657373490829,-0.32077794742274307,-0.21207669404264026,-0.27711289878625633
C1_Gy_PSa_T1_27nov24_CDaza_corr,-0.39813122146067154,41.156567680685015,-0.8590135913489393,-0.9401168521230348,-0.5266828768292072
C1_Gy_PSa_T2_27nov24_CDaza_corr,-0.2659794239184094,0.0,-0.07532037158477667,-0.25364243805180575,-0.10443252825860633
C1_Gy_PSb_T1_27nov24_CGomez_corr,0.4224169107842606,86.48877301599562,0.45621597953757986,0.27676128108777454,0.3329025991089334
C1_Gy_PSb_T2_27nov24_CGomez_corr,-1.7395017653595681,0.0,-0.3042407033070701,-0.6850590809528377,-0.5895102046353462
C1_Gy_PSb_T3_27nov24_CGomez_corr,-1.6941223669922674,0.0,-0.03457359006872843,-0.05446518209403219,-0.44423842094133975
C1_PB_PM_T1_19nov24_CGomez_Corr,0.16324124561796718,0.0,-0.4135868235773592,-0.6610981978387023,-0.1641047827798007
C1_PB_PM_T2_19nov24_CGomez_Corr,0.04607109956611183,0.0,-0.18645517693429609,-0.4600209564864876,-0.08092068474955141
C1_PB_PM_T3_19nov24_CGomez_Corr,0.2721245837923781,67.6759365047502,-0.31553906679449384,-0.39182785216399113,-0.08799614773652602
C1_PB_PP_T1_19nov24_CGomez_Corr,0.1650221142002092,0.0922125008226681,-0.6735528178074697,-0.993647032315021,-0.29267316741169813
C1_PB_PP_T2_19nov24_CGomez_Corr,0.2743697632987285,0.0,-0.32685033067306873,-0.425763191641055,-0.09304376420566124
C1_PB_PP_T3_19nov24_CGomez_Corr,0.23911505226328603,0.6435312938447759,-0.5530710535142609,-0.6820545800896952,-0.21420135304376475
C1_PB_PSA_T1_19nov24_HBenavides_Corr,0.16196860565752005,52.20155193139984,-0.34659433589242017,-0.3688765541685942,-0.13117821417799666
C1_PB_PSA_T3_19nov24_HBenavides_Corr,-0.0203532294812587,80.73457880008095,2.2227254850436546,2.613383235756635,1.09797530322914
C1_PB_PSb_T1_19nov24_HBenavides_Corr,0.2125996610302771,4.818137240263296,0.8238203726337947,0.5804180329650515,0.4624453867033756
C1_PB_PSb_T2_19nov24_HBenavides_Corr,-0.11389364652047454,3.5475208452761127,-0.25716767842571936,-0.4611510886044804,-0.15634060689548113
C1_PB_PSb_T3_19nov24_HBenavides_Corr,0.370347922476643,23.91423750932884,0.2633826151236882,0.10941338556821767,0.22407587156637854
C20_Gr_PSa_T3_30nov24_CDaza_corr,0.3061009288001766,64.4032230516135,1.3734391925657468,1.5575211105562696,0.7587844115672261
C2_BC_EM_T1_29nov24_CGomez_corr,0.1119806839881974,2.040393159298977,-0.20387573067472353,-0.24658415122918403,-0.07295076425345541
C2_BC_EM_T2_29nov24_CGomez_corr,0.32556161411215084,94.48037418714904,0.5857853461822389,0.42793446734474494,0.37278923514296136
C2_BC_EM_T3_29nov24_CGomez_corr,0.3156440729509472,62.19624322698678,1.5536988050882394,1.740820821271,0.8506504097906442
C2_BC_EP_T1_29nov24_CDaza_corr,-0.2338973367427705,1.6167053489457683,-0.40125320416594673,-0.6020977617525158,-0.2581005024530037
C2_BC_EP_T2_29nov24_CDaza_corr,-0.024244753814766692,0.9314749654842448,-0.3766194060183806,-0.44312331515797526,-0.19302270574338828
C2_BC_EP_T3_29nov24_CDaza_corr,-0.2246451487120346,10.372160846884473,0.17472079351832595,0.19713034590729744,0.030079427517769708
C2_BC_ESa_T1_29nov24_CDaza_corr,0.17743577165753932,4.56072810162119,0.03650742460343348,-0.17934943128548522,0.06284880216821169
C2_BC_ESa_T2_29nov24_CDaza_corr,0.21369602158632528,1.5123291279764424,0.38059165291623365,0.2888883886536813,0.24275382197206616
C2_BC_ESa_T3_29nov24_CDaza_corr,-0.14396201002116238,0.9621110281304456,-0.16080796647267243,-0.09124401734888965,-0.11609877560885862
C2_BC_ESb_T1_29nov24_CGomez_corr,0.1983204589672915,23.09592699088883,-0.5262803299343508,-0.5376293483782585,-0.21118962710118505
C2_BC_ESb_T2_29nov24_CGomez_corr,0.3632686188620235,51.64565699557579,0.03036395323642327,-0.004534555207256125,0.10664744857713203
C2_BC_ESb_T3_29nov24_CGomez_corr,0.17334545343913274,0.0,0.09047614605685389,-0.044856905009055675,0.08860154240177806
C2_BC_PM_T1_29nov24_CDaza_corr,0.33224266696313964,34.196075530791745,-0.7484367630099855,-0.19629189007600134,-0.28768148540341976
C2_BC_PM_T2_29nov24_CDaza_corr,0.34126643696420583,28.519380490926643,-0.46518103686297685,-0.06397103133724974,-0.14483094924190976
C2_BC_PM_T3_29nov24_CDaza_corr,0.40738078498870933,38.16167092936355,0.03296716023902985,0.7155820429875356,0.1190598459186268
C2_BC_PP_T1_29nov24_HBenavides_corr,-0.28207759391114123,9.224386828696932,-0.38877830414378367,-0.39163371185120643,-0.26405540116582205
C2_BC_PP_T2_29nov24_HBenavides_corr,-0.1658584181822912,1.827769477350627,-0.28763752831598133,-0.33230009707837427,-0.18456241670729245
C2_BC_PP_T3_29nov24_HBenavides_corr,-0.4018680110901258,23.75301039808434,-0.23903988658609404,0.2893978769263108,-0.21994099211624835
C2_BC_PSa_T1_29nov24_CDaza_corr,0.3250156144564848,11.846361812737063,0.06267505264114291,0.05855338077084377,0.11303957882456694
C2_BC_PSa_T2_29nov24_CDaza_corr,0.084593854200042,0.0,-0.6510003738766483,-0.6949299923049159,-0.30175629349135696
C2_BC_PSa_T3_29nov24_CDaza_corr,-0.20474471966847846,0.0,0.2457409885395708,-0.12631949146807414,0.07034251680857528
C2_BC_PSb_T1_29nov24_HBenavides_corr,-0.4148730037742034,23.66800086283345,-0.8569726104805755,-1.2934134272700635,-0.5298904901002193
C2_BC_PSb_T2_29nov24_HBenavides_corr,0.38946406103743825,99.23354661565791,-0.6257883382886973,-0.6279026359365957,-0.2123876236637663
C2_BC_PSb_T3_29nov24_HBenavides_corr,0.2262770690676127,11.397395176547128,-0.542607881233518,-0.9716459176169588,-0.21224502663064984
C2_Gr_PM_T1_30nov24_CGomez_corr,0.32163624438226784,100.0,0.2691135936778502,0.19793285962514157,0.21464009430187841
C2_Gr_PM_T2_30nov24_CGomez_corr,0.18034691584806883,19.51350292089888,-0.13173687010335766,-0.07870446800747322,-0.01991450315570855
C2_Gr_PM_T3_30nov24_CGomez_corr,0.1824078965767587,91.48503482482752,0.7155341262129149,0.5575801017727998,0.4010933035259709
C2_Gr_PP_T1_30nov24_HBenavides_corr,-0.07355287550691636,0.0,0.02589407493411683,-0.18353447951251273,-0.005691472162859644
C2_Gr_PP_T2_30nov24_HBenavides_corr,-0.028117542739384098,18.959831830287037,-0.41846079150589843,-0.49309879366539444,-0.21476428672086406
C2_Gr_PP_T3_30nov24_HBenavides_corr,0.3487712013039191,81.89216619148377,0.693160495908764,0.5343933572508237,0.4319289812069506
C2_Gr_PSa_T1_30nov24_CDaza_corr,0.0003253308483566475,0.0,0.24855224017291658,0.16399371159399995,0.1234348675765968
C2_Gr_PSa_T2_30nov24_CDaza_corr,0.20516606339218998,31.922118528630666,0.06990656280872215,-0.04201283885691351,0.08641497992720062
C2_Gr_PSa_T3_30nov24_CDaza_corr,-0.19329047294879936,25.38962258246229,0.9043861594221645,0.6990064738534909,0.40010607314574953
C2_Gy_EM_T1_27nov24_CGomez_corr,0.3093511459383744,54.48277774201261,0.3550937956799649,0.27636701762063565,0.2542138012009439
C2_Gy_EM_T2_27nov24_CGomez_corr,0.13752305453744493,18.03127071147797,0.19427670885960524,0.22844916679617275,0.1310855950021566
C2_Gy_EP_T1_27nov24_HBenavides_corr,-0.37214472821802247,7.559383817434248,-0.41284840138716505,-0.22064205703284645,-0.2987065283148896
C2_Gy_EP_T2_27nov24_HBenavides_corr,0.1918263238489662,42.46116310795261,-0.44650352626442735,-0.5070739951531867,-0.17323470252069165
C2_Gy_EP_T3_27nov24_HBenavides_corr,-0.1009387519595108,0.8836993941593655,-0.05141042853664837,-0.029195651393203487,-0.050960417196252716
C2_Gy_ESa_T1_27nov24_HBenavides_corr,-0.43851252033011034,3.971972867910952,0.2370045054641732,0.17330405219414627,0.007074996091467223
C2_Gy_ESa_T2_27nov24_HBenavides_corr,-0.05809224675650826,2.1304322590294875,0.4585809518535598,0.3472368579836472,0.21294226657172652
C2_Gy_ESa_T3_27nov24_HBenavides_corr,-0.9859502987890985,0.0,-0.5550024007206666,-1.1278952108199647,-0.5239929004024582
C2_Gy_ESb_T1_27nov24_CGomez_corr,0.12387987237642917,7.637411778346077,0.39945884646457197,0.28436109194029946,0.2294751184041821
C2_Gy_ESb_T2_27nov24_CGomez_corr,-0.24342118415055608,18.3843557403043,-0.08438762814320594,-0.05078418407179689,-0.10324565239593193
C2_Gy_ESb_T3_27nov24_CGomez_corr,0.11946193031738953,29.783315102484515,0.18398932424709513,0.2507374292460536,0.12142699396240862
C2_Gy_PM_T1_27nov24_CGomez_corr,-0.11718134482187717,18.80119730620384,-0.2028303895498474,-0.1814320391867815,-0.13020261542551856
C2_Gy_PM_T2_27nov24_CGomez_corr,-0.17820663945722667,21.09391675362902,0.5440816865781032,0.3441145862410837,0.22509477746780535
C2_Gy_PM_T3_27nov24_CGomez_corr,0.01714071908413939,0.0,0.06716214429594604,-0.28369203101614926,0.03765268543222233
C2_Gy_PP_T1_27nov24_CDaza_corr,-1.143603069890473,6.347505082697443,-0.6230740105120068,-0.6357712422381441,-0.5975193487902621
C2_Gy_PP_T2_27nov24_CDaza_corr,-1.940562082116331,0.0,-0.4698870671677335,-0.43364615936462986,-0.7224044132059666
C2_Gy_PP_T3_27nov24_CDaza_corr,-0.21515184592357542,9.619764068414083,-0.5153120968471172,-0.6512170244853186,-0.30998062052572845
C2_Gy_PSa_T1_27nov24_CDaza_corr,-0.4684131270563504,2.0554008641382624,0.2493885296846675,-0.28464399354174286,0.005683208479093885
C2_Gy_PSa_T2_27nov24_CDaza_corr,-0.6950149765051055,19.55402968990695,-0.09209801639699869,-0.040420778212274605,-0.22091681583354228
C2_Gy_PSb_T1_27nov24_CGomez_corr,0.40388671638018403,98.35785039032844,0.49139723017495585,0.4705927221398983,0.3456911685488181
C2_Gy_PSb_T2_27nov24_CGomez_corr,-0.08005661129395736,13.954582634891432,-0.33076187913966465,-0.3277235216167988,-0.18433418293585432
C2_Gy_PSb_T3_27nov24_CGomez_corr,-0.22095020821624273,17.09289851331971,-0.2452909295894588,-0.20651456132062812,-0.17743479083800934
C2_PB_PM_T1_19nov24_CGomez_Corr,0.23850719158208017,1.3261404246636677,-0.5489413993829475,-0.6743394760458556,-0.21230510463992644
C2_PB_PM_T3_19nov24_CGomez_Corr,0.03326330298878449,0.0,-0.4586824786086375,-0.6736089395324807,-0.21925190941674777
C2_PB_PP_T1_19nov24_CGomez_Corr,-0.13438826208576402,0.0,-0.4505577711987182,-0.40864388554868847,-0.2574838840009148
C2_PB_PP_T2_19nov24_CGomez_Corr,0.14678435507169785,0.0,-0.7784133832751045,-1.1302633452098703,-0.3493115881671445
C2_PB_PSA_T1_19nov24_HBenavides_Corr,0.3412292033268677,83.15084839080208,1.316999344807207,1.3455136391038658,0.7396298059917614
C2_PB_PSA_T2_19nov24_HBenavides_Corr,-0.24002604713792913,0.0,-1.0947602021986922,-1.3354409448467939,-0.6038229334252736
C2_PB_PSb_T2_19nov24_HBenavides_Corr,-0.021553274307330755,42.64291925191222,0.004581339671360436,0.09195063146914735,-0.003159824084771238
C3_BC_EM_T1_29nov24_CGomez_corr,0.3204318826298591,46.775314324062414,0.3258496573292503,0.4149483667046865,0.2424937617864725
C3_BC_EM_T2_29nov24_CGomez_corr,0.18762337335930038,0.0,0.23230166825162576,-0.07465045303425127,0.16258687597608573
C3_BC_EM_T3_29nov24_CGomez_corr,0.18198659516332677,39.642123259522286,0.4310264846488139,0.8508962184022224,0.25979010070471575
C3_BC_EP_T1_29nov24_CDaza_corr,-0.3329465056443518,0.0,-0.6435612384361618,-0.8810314836128093,-0.4033242636002758
C3_BC_EP_T2_29nov24_CDaza_corr,-0.7103095622807228,0.5850196360626417,-0.6445853033030102,-0.9309121251977419,-0.4989638928866008
C3_BC_EP_T3_29nov24_CDaza_corr,0.34690271718825694,0.4947566011763233,1.2043000721653012,1.3638363829901745,0.6851290653768067
C3_BC_ESa_T1_29nov24_CDaza_corr,-0.01926669684117502,5.409197194076384,-0.08355898366204909,-0.28923818186456085,-0.046326146472627484
C3_BC_ESb_T1_29nov24_CGomez_corr,0.36794152457337664,13.998603305232168,-0.8384690635922258,-0.4820817819042093,-0.3233636943481799
C3_BC_ESb_T2_29nov24_CGomez_corr,0.15293826332950747,1.3136083222113846,-0.25142094070315096,-0.38192864295254864,-0.08622155125474458
C3_BC_ESb_T3_29nov24_CGomez_corr,0.20599071498734028,74.72303235371405,0.1566029854345279,0.0301397843714709,0.12964904123761006
C3_BC_PM_T1_29nov24_CDaza_corr,0.09947151098779666,9.849988069496064,-0.6513992119355239,-0.8257476396803165,-0.29820364571025537
C3_BC_PM_T2_29nov24_CDaza_corr,0.43179204874747706,46.92233315588775,-0.3182485743639797,0.4377937215307445,-0.04908944142929922
C3_BC_PM_T3_29nov24_CDaza_corr,0.30181426026119057,45.32383546083473,-0.4290648488619603,0.09030555909384158,-0.13685271453152206
C3_BC_PP_T1_29nov24_HBenavides_corr,-0.6192705268006851,39.76290571726228,-0.49694459771031474,0.1815049861775451,-0.4027414627218987
C3_BC_PP_T2_29nov24_HBenavides_corr,-0.08333872150817084,47.092078708598976,0.00952345680579314,-0.10572923193864944,-0.01628293570966454
C3_BC_PP_T3_29nov24_HBenavides_corr,-1.432067051413491,6.261328274228687,-0.3488097869570252,-0.3702126491481047,-0.5341263871370706
C3_BC_PSa_T1_29nov24_CDaza_corr,0.24841587715255975,0.3427188867426183,0.016460370454268847,-0.10864838345869177,0.07079348263258274
C3_BC_PSb_T2_29nov24_HBenavides_corr,0.32374068013826524,29.46323927210031,-0.21398262869844353,-0.27681809444222005,-0.024582999904275343
C3_BC_PSb_T3_29nov24_HBenavides_corr,0.36313363817498223,64.54398520780603,-0.39628873268420606,-0.6552788794085591,-0.10512808740673459
C3_Gr_PM_T1_30nov24_CGomez_corr,0.037182288154164266,99.04342575934028,0.3986108773794981,0.33750958993376845,0.20719824218678937
C3_Gr_PM_T2_30nov24_CGomez_corr,0.36684548377095233,53.0330780597319,0.3142461419131771,0.39908476111251034,0.24843575053863703
C3_Gr_PM_T3_30nov24_CGomez_corr,0.33293372458019166,73.61453315475333,0.16558910629065532,0.20030616432326637,0.1661104405565296
C3_Gr_PP_T1_30nov24_HBenavides_corr,0.08894641309193214,45.44462381868436,-0.010935611786999033,-0.11302784999606286,0.016995775696960598
C3_Gr_PP_T2_30nov24_HBenavides_corr,-0.31542665805366343,3.128195124700954,-0.5761369671514902,-0.6217280830166103,-0.36544591190280074
C3_Gr_PP_T3_30nov24_HBenavides_corr,-0.1053718100367991,16.887003427115673,-0.3842277025478863,-0.3447134084734095,-0.21725033075749636
C3_Gr_PSa_T1_30nov24_CDaza_corr,0.2600174443492574,33.3177181531039,0.1767267239355781,0.36587590300252953,0.15325603635925172
C3_Gr_PSa_T2_30nov24_CDaza_corr,-0.06517027995238392,16.97849150518996,0.19911635535982541,-0.004960252097418405,0.08238943204951578
C3_Gr_PSa_T3_30nov24_CDaza_corr,0.1420829671362332,28.03127798532314,0.5837452786019076,0.5036045566359293,0.3255227001469028
C3_PB_PM_T1_19nov24_CGomez_Corr,0.37095953180714214,99.4419944418032,1.0779136283586856,0.804265032964727,0.6284699224321632
C3_PB_PM_T2_19nov24_CGomez_Corr,0.01259685010351247,79.18707539593538,0.6159457930127507,1.0229447085277865,0.30886052238423395
C3_PB_PP_T3_19nov24_CGomez_Corr,-0.1926142200426184,0.0,-0.9870979006124434,-1.0261180114617985,-0.5384394104950345
C3_PB_PSA_T1_19nov24_HBenavides_Corr,0.18998949610771013,18.30121047423445,0.16358254908996245,0.13652794134129176,0.12907906706468888
C3_PB_PSb_T2_19nov24_HBenavides_Corr,0.41245305828530093,72.6200599364855,1.0892283374726204,0.9447450974908567,0.6445455648837339
C3_PB_PSb_T3_19nov24_HBenavides_Corr,0.3322654988298813,29.175764516442925,0.3700752490568536,0.37973166590103535,0.26742547560251734
C4_BC_PM_T1_29nov24_CDaza_corr,0.2601140811346041,21.42048966842718,-0.6341786233214376,-0.8462815251514246,-0.2491601039197734
C4_BC_PM_T2_29nov24_CDaza_corr,0.2301837321267395,31.23885912201093,-0.2824558861989081,-0.05055065203600989,-0.08215053330171038
C4_BC_PM_T3_29nov24_CDaza_corr,0.3073553583441221,61.613986706389525,0.2293834174690312,0.9677017098625249,0.1913224447849287
C4_BC_PP_T1_29nov24_HBenavides_corr,-0.2672721887982211,44.07952631263783,-0.30116592574991263,0.25014034177217886,-0.2168422840408798
C4_BC_PP_T2_29nov24_HBenavides_corr,-0.5863234506272983,5.686994974444973,-0.4178312267076148,-0.8464391140426064,-0.3551728515597892
C4_BC_PP_T3_29nov24_HBenavides_corr,-0.38674339676111,9.889071044790407,-0.45094762796422694,-0.527433949266621,-0.32129487273863117
C4_BC_PSb_T1_29nov24_HBenavides_corr,0.31873946730709596,34.6104741154085,-0.4889359995423054,-0.5753865131993902,-0.16229913096527834
C4_BC_PSb_T2_29nov24_HBenavides_corr,0.33361262018886956,58.35032396759515,-0.20702775491899006,0.03146547887645901,-0.01864272911574917
C4_BC_PSb_T3_29nov24_HBenavides_corr,0.31160426529610796,68.0658184939503,1.1254268315993263,1.544976988913693,0.6370868570073799
C4_Gr_PM_T1_30nov24_CGomez_corr,0.2641481749047854,87.57734804753491,0.3188700194196394,0.33591472025706015,0.22484101883957502
C4_Gr_PM_T2_30nov24_CGomez_corr,0.20851666840199057,27.408295690167567,-0.31379617749349326,-0.22707863821166016,-0.10316642490788544
C4_Gr_PM_T3_30nov24_CGomez_corr,-0.005741909017988267,0.0,-0.3351865593044904,-0.2335974238763596,-0.16779571030099902
C4_Gr_PP_T1_30nov24_HBenavides_corr,-0.2904458330029495,9.439988198187912,-0.47202003056586717,-0.4228624313122283,-0.30747664902567096
C4_Gr_PP_T2_30nov24_HBenavides_corr,-0.02934482512639433,17.778333718215176,-0.09589509716400577,-0.28296136085390444,-0.054989027140633404
C4_Gr_PP_T3_30nov24_HBenavides_corr,-0.1947495598544095,13.862427668149932,-0.09287784221647546,-0.07018555692904967,-0.09518934086240398
C4_Gr_PSa_T1_30nov24_CDaza_corr,0.08604782734708921,1.6324279773923294,0.06315366425311203,-0.02220757547206884,0.05303448383229595
C4_Gr_PSa_T2_30nov24_CDaza_corr,0.02867408198505636,0.7197898169276714,0.19253500446885474,0.09272780446878953,0.10278091315669162
C4_Gr_PSa_T3_30nov24_CDaza_corr,0.10774786838655345,48.50595257389202,0.13962440918716496,0.2659555082934987,0.09645627506050997
C4_Gy_EM_T2_27nov24_CGomez_corr,-0.26670585871407293,2.788802686189599,-0.25304033805191734,-0.26530444131022984,-0.1928154873978703
C4_Gy_EP_T1_27nov24_HBenavides_corr,-0.4545750296639396,51.85211399934581,-0.28897105664036815,-0.059431400829021055,-0.25800828826122324
C4_Gy_EP_T2_27nov24_HBenavides_corr,-0.18906458153387,83.22162137807155,-0.15045151113401725,-0.0028265432204182955,-0.1223291578707031
C4_Gy_EP_T3_27nov24_HBenavides_corr,-0.01589869766968975,42.36548124442186,-0.012095657907413265,0.027422001481225144,-0.010010883442731594
C4_Gy_ESa_T1_27nov24_HBenavides_corr,-0.3363999815722948,4.181455734637915,-0.4205673618155844,-0.5241913339770571,-0.2935262581541829
C4_Gy_ESa_T2_27nov24_HBenavides_corr,0.15292217456285973,39.08749245240134,0.5057876978665589,0.5045879773910833,0.28956600109365965
C4_Gy_ESa_T3_27nov24_HBenavides_corr,-0.1782474129980468,32.68255530167837,0.7233448928401945,0.8466783231955394,0.31405021450923837
C4_Gy_ESb_T1_27nov24_CGomez_corr,-0.3572087697633449,2.9610465835170583,-0.31412426337502464,-0.40023657740569685,-0.24594589501994882
C4_Gy_ESb_T2_27nov24_CGomez_corr,-0.1603673032139551,25.90052716363087,-0.16857280942908637,-0.08465906881567342,-0.124088049009176
C4_Gy_ESb_T3_27nov24_CGomez_corr,-0.08207489216077113,15.590296822290012,-0.23470783952533458,-0.4422470065597549,-0.13717276225438907
C4_Gy_PM_T1_27nov24_CGomez_corr,-0.4105693271056059,4.95923452376315,0.08449031161287023,0.13989076375450857,-0.06157123104982249
C4_Gy_PM_T2_27nov24_CGomez_corr,0.008515857476373678,21.07890613331848,0.0886309066034039,0.07506342115216676,0.0461330332974533
C4_Gy_PM_T3_27nov24_CGomez_corr,-0.11499961412998322,4.487279144154231,0.23142544408739957,0.17979696844626417,0.08586222770018817
C4_Gy_PP_T1_27nov24_CDaza_corr,-1.2708492012012569,3.2509877184185263,-0.3445689113128187,-0.10220018856547108,-0.4913794623457763
C4_Gy_PP_T2_27nov24_CDaza_corr,-0.9853486883928629,7.562849827402942,-0.23656924231565604,-0.02179138612741091,-0.3658075031388226
C4_Gy_PP_T3_27nov24_CDaza_corr,-0.7494661738882948,0.4197747597469691,-0.5021398929826495,-0.47011996422495417,-0.438141504744208
C4_Gy_PSa_T1_27nov24_CDaza_corr,-0.5286185883021886,29.84256745333214,0.15100986980969583,0.13333464853102972,-0.05831819168399048
C4_Gy_PSa_T3_27nov24_CDaza_corr,-0.5707621434818624,8.239760321759828,-0.2635361689368966,-0.1931321817870973,-0.2746755335578181
C4_Gy_PSb_T1_27nov24_CGomez_corr,-2.6536789957133347,0.2327125274611267,-0.24996742551486764,-0.33285982099657946,-0.7930348249032195
C4_Gy_PSb_T2_27nov24_CGomez_corr,0.24228909154872127,100.0,0.42080273046627553,0.4631377944722854,0.26991816813595865
C4_Gy_PSb_T3_27nov24_CGomez_corr,-0.039620549814543465,43.55890676021698,-0.1309653888209364,-0.16038089178709775,-0.07498436209068178
C4_PB_PM_T2_19nov24_CGomez_Corr,0.21105532839963798,0.6336577758657775,-0.5413697300392034,-0.7006649876135279,-0.21546787742013757
C4_PB_PM_T3_19nov24_CGomez_Corr,0.2084676245691844,6.375831612569052,-0.6230982636037796,-0.9067053387715769,-0.25668090475306526
C4_PB_PP_T1_19nov24_CGomez_Corr,0.12745053015536673,0.0,-0.7019893060984567,-0.7959104756632815,-0.31625739654423335
C4_PB_PP_T3_19nov24_CGomez_Corr,-0.5994546557505849,0.0,-0.6885586986629315,-0.6462703177003766,-0.4928412623326369
C4_PB_PSA_T2_19nov24_HBenavides_Corr,0.18784913780596257,92.90985596245378,1.226209171387709,1.252400813849775,0.6559055940857622
C4_PB_PSb_T1_19nov24_HBenavides_Corr,0.03125666601053946,7.529656986390143,-0.4899549894083237,-0.5728457705850544,-0.2352778640896156
C4_PB_PSb_T2_19nov24_HBenavides_Corr,0.0760059940151302,25.892651118102677,-0.12119269984318942,0.026943075460424876,-0.04098542674773861
C4_PB_PSb_T3_19nov24_HBenavides_Corr,0.351207408213578,56.33751067215486,0.1863370363659973,0.29984359145061945,0.18101404300863275
C5_BC_EM_T1_29nov24_CGomez_corr,0.26150496423012215,26.188635773651004,0.7447749312958296,0.8318831973078403,0.4355450768658593
C5_BC_EM_T2_29nov24_CGomez_corr,0.33093782679836126,66.26847843239074,0.4139584648470518,0.4695049057458131,0.28886937614589714
C5_BC_EM_T3_29nov24_CGomez_corr,0.026310806761940336,40.468993539206856,0.5636104516378039,0.8488753560998017,0.28634447756085135
C5_BC_EP_T1_29nov24_CDaza_corr,0.07215382380701914,0.1002668974969342,-0.4126934296794138,-0.6079303674138659,-0.18662410275264965
C5_BC_EP_T2_29nov24_CDaza_corr,-0.24127361660079952,100.0,0.5858418757527152,0.6051418582577396,0.22992087074069634
C5_BC_EP_T3_29nov24_CDaza_corr,-0.7500747517992207,0.0,-0.6066703922150181,-0.8095643337220608,-0.4901718871474532
C5_BC_ESa_T1_29nov24_CDaza_corr,-0.2448382989634143,3.8817710173494246,0.4175530310913119,0.08392595371876918,0.14550293138103693
C5_BC_ESa_T2_29nov24_CDaza_corr,0.05938996896020185,56.26328604445909,0.5626122045342414,0.46431327127282057,0.2941881588232206
C5_BC_ESa_T3_29nov24_CDaza_corr,0.22284859131418264,71.17803776825407,0.7038543891759421,0.5775714200523733,0.4054917237926051
C5_BC_ESb_T1_29nov24_CGomez_corr,0.2582549629661288,12.1003200320501,-0.1484480912073421,-0.16092126612674829,-0.008567796818486406
C5_BC_ESb_T2_29nov24_CGomez_corr,0.08032371272966535,7.463546098254814,-0.47789964483898867,-0.6097887678558709,-0.21692540724840037
C5_BC_ESb_T3_29nov24_CGomez_corr,-0.21950182650266808,0.0,-0.4411375286404711,-0.6662256442129402,-0.2742654727471704
C5_BC_PM_T1_29nov24_CDaza_corr,0.4682346520798636,54.094804967078105,0.3755665341320726,0.28671500662336746,0.3044278860190604
C5_BC_PM_T2_29nov24_CDaza_corr,0.10661526435362968,4.902235682216535,-0.5970410166472977,-0.9942049420207931,-0.2694255601967045
C5_BC_PM_T3_29nov24_CDaza_corr,0.375324032872117,18.809599307855297,-0.5287705509882008,-0.3552712422675338,-0.1678037429023786
C5_BC_PP_T1_29nov24_HBenavides_corr,0.43019156548955,100.0,0.9712164169029482,0.9245878274843096,0.5904497610023776
C5_BC_PP_T2_29nov24_HBenavides_corr,-0.04291702831122418,19.68439841570332,-0.3562623507461251,-0.13387367737946132,-0.18762698605045686
C5_BC_PP_T3_29nov24_HBenavides_corr,0.15682610224226037,43.33282266233,-0.40514219573845217,-0.0028309273571577587,-0.16153106370186357
C5_BC_PSa_T1_29nov24_CDaza_corr,0.35082522999458643,83.10920122557258,1.7627344076937717,1.7921159082928948,0.9632607313860369
C5_BC_PSa_T2_29nov24_CDaza_corr,0.11430694847272915,0.0,-0.4750709291677645,-0.5716874899852038,-0.2069545475862625
C5_BC_PSa_T3_29nov24_CDaza_corr,0.27970659184753477,45.83752139406132,0.07272270313369336,0.011565768622827585,0.10660389589704364
C5_BC_PSb_T1_29nov24_HBenavides_corr,0.2814401096274097,28.05290733546313,-0.5688390493631408,-0.6801651615048182,-0.21135683732294003
C5_BC_PSb_T2_29nov24_HBenavides_corr,0.4021427071165846,90.03601756040838,0.5432243576728509,0.9587930683023616,0.3709725600593976
C5_BC_PSb_T3_29nov24_HBenavides_corr,0.17524739194551237,21.5261534300534,-0.5987587498425427,-0.5273319832119933,-0.2529762188289164
C5_Gr_PM_T1_30nov24_CGomez_corr,-0.37661978357397197,0.0758246914500408,-0.5311628851406763,-0.7234577997163681,-0.3585524215413278
C5_Gr_PM_T2_30nov24_CGomez_corr,0.010599513707699765,12.597090316491071,-0.39598037576097245,-0.48000008332015487,-0.19384720151090326
C5_Gr_PM_T3_30nov24_CGomez_corr,0.21906935608535283,38.6041566665515,-0.236016767405143,-0.1709308233841358,-0.06190535609017027
C5_Gr_PP_T1_30nov24_HBenavides_corr,0.3987398196758535,81.96608931533255,0.996383336237643,0.8957280026627695,0.5950109032186968
C5_Gr_PP_T2_30nov24_HBenavides_corr,-0.8411366212055997,0.7409702260094033,-0.36281245499953857,-0.29595450799474377,-0.39210500472729337
C5_Gr_PP_T3_30nov24_HBenavides_corr,-0.08853474047509648,5.413534291323531,-0.5078359310274039,-0.42215214550509017,-0.27435074873629645
C5_Gr_PSa_T1_30nov24_CDaza_corr,-0.18340669776020757,0.0,0.7056238175357912,0.2684065064354776,0.30395487245795166
C5_Gr_PSa_T2_30nov24_CDaza_corr,-0.03085386294694642,16.25623758207979,-0.31566717714957293,-0.21175905069154027,-0.16443912759258167
C5_Gr_PSa_T3_30nov24_CDaza_corr,-0.14306797349383316,36.638558892758674,0.32074945461755766,0.29037505263706165,0.1231165343080908
C5_Gy_EM_T1_27nov24_CGomez_corr,0.07644925649615222,35.04560967722324,-0.3112496754054972,-0.12388456783276722,-0.13519618861986735
C5_Gy_EM_T2_27nov24_CGomez_corr,0.21458828719473366,39.77104531221234,-0.16152719553706107,-0.21523648947904764,-0.026066923315872327
C5_Gy_EP_T1_27nov24_HBenavides_corr,-0.3776146382784471,19.67177633960418,-0.4120351928879406,-0.24150246038345285,-0.29968188265394735
C5_Gy_EP_T2_27nov24_HBenavides_corr,-0.6451741771100715,45.10636909423127,0.15799198039937262,0.14655698309697457,-0.0842361720079494
C5_Gy_EP_T3_27nov24_HBenavides_corr,0.15081247268409792,27.963231111897617,0.23483417816597402,0.2858200110723028,0.15456387376407915
C5_Gy_ESa_T1_27nov24_HBenavides_corr,0.12090396213176251,38.678558300022445,-0.19320118225092456,-0.10469409938255003,-0.06540362624369915
C5_Gy_ESa_T2_27nov24_HBenavides_corr,-0.44969460897394914,10.131897115577916,-0.6952131812750211,-0.5245335831082282,-0.45839000181545647
C5_Gy_ESa_T3_27nov24_HBenavides_corr,-0.1619042443567092,3.39313343235549,0.4555958252651725,0.41779577914458893,0.18529028943256612
C5_Gy_ESb_T1_27nov24_CGomez_corr,0.3054935563145973,40.56200865855767,0.17364462001921815,0.21682264781879626,0.16319074092266506
C5_Gy_ESb_T2_27nov24_CGomez_corr,-0.045644354355213294,16.473262802062397,-0.1003478609073995,-0.11574050195824587,-0.06130790132953411
C5_Gy_ESb_T3_27nov24_CGomez_corr,0.23138911617418387,34.38506566869762,0.26782225917251046,0.40502292569127313,0.1912483594246305
C5_Gy_PM_T1_27nov24_CGomez_corr,0.030586191002294753,38.15259403159407,-0.0669135593821549,0.029861645964894153,-0.025497593242794346
C5_Gy_PM_T2_27nov24_CGomez_corr,-0.5850351766807622,27.60417008902543,-0.3281058282633575,-0.3328153304367306,-0.31031867675734626
C5_Gy_PM_T3_27nov24_CGomez_corr,0.1405572366279329,74.61425879553283,0.05086815196622105,-0.09293241634232415,0.06067892154300309
C5_Gy_PP_T1_27nov24_CDaza_corr,-0.789501036144891,6.600692289471071,-0.12337605354622777,-0.028934905244267284,-0.26025912817271546
C5_Gy_PP_T2_27nov24_CDaza_corr,-0.3613572050081377,10.064136178451855,-0.31145905201982194,-0.1199913855930603,-0.24566898993380148
C5_Gy_PP_T3_27nov24_CDaza_corr,0.23007426565523947,52.5191535022868,0.14485907796853095,0.23740644208447131,0.12989205777494506
C5_Gy_PSa_T1_27nov24_CDaza_corr,-0.022697645056017374,0.0,0.2530976214534279,-0.06293975916299341,0.11988669320475837
C5_Gy_PSb_T1_27nov24_CGomez_corr,0.16578412000539702,0.5741458034521282,0.40114688482360694,0.32729281678929445,0.2408767253188513
C5_Gy_PSb_T2_27nov24_CGomez_corr,0.05634276365910133,25.972431533544665,0.30504045993913376,0.2581194081646071,0.16559087131343428
C5_Gy_PSb_T3_27nov24_CGomez_corr,0.1258672268438094,42.098401292569214,0.09588341714284684,0.07220521767092314,0.0793160609952743
C5_PB_PM_T1_19nov24_CGomez_Corr,0.12080650208335222,0.0,-0.21601239750435228,-0.5245642075239558,-0.07674906902411267
C5_PB_PM_T2_19nov24_CGomez_Corr,0.2338980542554638,0.1254802587926238,-0.49276249238165315,-0.634952082421712,-0.18558627332748587
C5_PB_PM_T3_19nov24_CGomez_Corr,-0.01593560131832411,6.725995111413866,-0.1976351531953596,-0.375942885631053,-0.10210073327157106
C5_PB_PP_T2_19nov24_CGomez_Corr,0.18808342531163022,0.0,-0.44283017922009205,-0.9660922006757307,-0.17235524054739226
C5_PB_PSA_T1_19nov24_HBenavides_Corr,-0.41094490132339767,2.4242140530852723,-0.14325065267881865,-0.3422266313859327,-0.17469043191704992
C5_PB_PSA_T3_19nov24_HBenavides_Corr,-0.03430600909180606,54.76709663351058,0.27932617111061636,0.9235540541400535,0.12997712761308453
C5_PB_PSb_T2_19nov24_HBenavides_Corr,0.24427925529589667,98.35956754034072,1.1855799901024588,1.0909600921764913,0.6499676833315343
C5_PB_PSb_T3_19nov24_HBenavides_Corr,0.0604091050753881,1.4272011182050803,-0.18955599615268467,-0.5805265795374951,-0.07884503430306752
C6_BC_EM_T1_29nov24_CGomez_corr,0.23653365266510754,22.744823354502238,-0.12698015844981894,-0.030817380141085773,-0.003389411999205616
C6_BC_EM_T2_29nov24_CGomez_corr,0.24377328474073995,36.59124629080119,0.04254589530250427,0.4874354490538876,0.0825689732379816
C6_BC_EM_T3_29nov24_CGomez_corr,-0.2428872127756191,0.0,0.08036170658398845,-0.03353769397461407,-0.021348347792198984
C6_BC_EP_T1_29nov24_CDaza_corr,-0.6661287905907574,4.244118474382848,-0.7156854757439289,-0.8215114323554246,-0.5231121131371833
C6_BC_EP_T2_29nov24_CDaza_corr,-0.3708645741318075,34.582936957772475,0.06286359708356898,0.1958373708182893,-0.062294878057190056
C6_BC_EP_T3_29nov24_CDaza_corr,-0.2011723679541122,46.88390375513147,-0.6160981866741662,-0.7602833808466338,-0.3564751288219142
C6_BC_ESa_T1_29nov24_CDaza_corr,0.24548226317885952,36.95368501401652,0.1525418790624637,0.1255267840283062,0.13758920158188337
C6_BC_ESa_T2_29nov24_CDaza_corr,0.3218980576693415,53.58014215730103,1.3419830395108885,1.2820165343332088,0.7471555611524315
C6_BC_ESa_T3_29nov24_CDaza_corr,-0.31572693639733646,0.0,-0.345748365963732,-0.8674336502780138,-0.2511831066038436
C6_BC_ESb_T1_29nov24_CGomez_corr,0.24046436507769395,59.9785640309256,0.9007312677104689,1.3084774526102538,0.5076396997490511
C6_BC_ESb_T2_29nov24_CGomez_corr,0.33256675441952105,21.897116107360887,-0.36621943419165603,-0.07308710278599209,-0.09791089644065461
C6_BC_ESb_T3_29nov24_CGomez_corr,0.19881248101800392,59.750520398046106,1.177019640724523,1.5233984597400534,0.6342573529151461
C6_BC_PM_T1_29nov24_CDaza_corr,-0.2291579767917653,0.0,-0.5828242575336936,-1.1543927417578883,-0.3470167994663618
C6_BC_PM_T2_29nov24_CDaza_corr,0.3686464526201189,65.17000258478329,-0.23214333442134025,0.1674466061024328,-0.022275365416285442
C6_BC_PM_T3_29nov24_CDaza_corr,0.3778327389018947,23.642548168028505,-0.856921142459164,-0.5410338922810068,-0.3300276648069866
C6_BC_PP_T1_29nov24_HBenavides_corr,-1.3846494406067213,22.12879488425805,-0.43985885948452674,-0.15964928726488392,-0.5673589641918644
C6_BC_PP_T2_29nov24_HBenavides_corr,-0.07483646831991042,19.776675850631285,-0.4810583830952939,-0.4959074836455361,-0.25760817394244456
C6_BC_PP_T3_29nov24_HBenavides_corr,0.04757896385190759,26.71009600507228,-0.46795965650644805,-0.4662166496576253,-0.22024712871712768
C6_BC_PSa_T1_29nov24_CDaza_corr,0.2849322915912528,1.83170761987869,0.1739695506585114,0.013700407156124875,0.15816860390452972
C6_BC_PSa_T2_29nov24_CDaza_corr,-0.04713074912261048,1.2508505212738896,-0.6307112176600905,-0.7162013297182175,-0.3248942162378861
C6_BC_PSa_T3_29nov24_CDaza_corr,0.05523420750288058,5.202935309037198,0.09662100997778511,-0.015500892460366428,0.061875875126548976
C6_BC_PSb_T1_29nov24_HBenavides_corr,0.3904182200018057,22.10437422633449,-0.5406565308209372,-0.5056290951372966,-0.16989740986513313
C6_BC_PSb_T2_29nov24_HBenavides_corr,0.33035173147396385,36.64878333324325,-0.6834772380928146,-0.23653132659752982,-0.2559197158967819
C6_BC_PSb_T3_29nov24_HBenavides_corr,0.31489110576360335,11.892722933453769,-0.6925748816491522,-0.8622363941321481,-0.26433229270258213
C6_Gr_PM_T1_30nov24_CGomez_corr,0.030438896790538184,21.052961629766944,-0.47276844857818234,-0.4392608965789264,-0.22695459009587526
C6_Gr_PM_T2_30nov24_CGomez_corr,0.17379244324252835,94.52543466528483,0.2989200717909592,0.22744196546550832,0.19216190788109805
C6_Gr_PM_T3_30nov24_CGomez_corr,0.33043033983218745,34.283718475513666,-0.38973728288991455,-0.15990248123243403,-0.1101210416723869
C6_Gr_PP_T1_30nov24_HBenavides_corr,0.29864159173025934,25.949516808117423,0.16003047769094447,0.01249296527274113,0.15470689344026908
C6_Gr_PP_T2_30nov24_HBenavides_corr,0.052346302708173864,25.2570109248594,-0.2446845743811959,0.029715309651804404,-0.10823713744545589
C6_Gr_PP_T3_30nov24_HBenavides_corr,0.23034301211868174,87.10384141297737,0.44259646765496585,0.39070278219712784,0.27772253335275354
C6_Gr_PSa_T1_30nov24_CDaza_corr,-0.12030855968851464,54.76681127982646,0.3691024114453571,0.19678226821358363,0.1528509399671533
C6_Gr_PSa_T2_30nov24_CDaza_corr,-0.5113768810863907,9.868958598363792,0.18244373870196642,0.1705566753047476,-0.038371469845492
C6_Gr_PSa_T3_30nov24_CDaza_corr,0.1554868314764835,53.827946882868815,0.20225747069878652,0.3220077657570391,0.1395749120083694
C6_Gy_EM_T1_27nov24_CGomez_corr,0.07817048500893833,59.89279933215919,-0.015070279509995121,-0.037709181950123266,0.012227241050184337
C6_Gy_EM_T2_27nov24_CGomez_corr,-0.7140036046478345,0.0,-0.18262413209711398,-0.21169518076659122,-0.2706305485918117
C6_Gy_EP_T1_27nov24_HBenavides_corr,0.18494633097063917,54.293927489922346,-0.11356215876409434,-0.08185118521497521,-0.00973516858110094
C6_Gy_EP_T2_27nov24_HBenavides_corr,-1.0871894014021866,4.218753933839082,-0.40134460827341256,-0.4699974122365006,-0.473256666087151
C6_Gy_EP_T3_27nov24_HBenavides_corr,0.1919002216237093,63.34072942765568,0.12026479831393962,0.24407890993008785,0.10806278352664381
C6_Gy_ESa_T1_27nov24_HBenavides_corr,0.209779379374812,40.01593635069581,0.23492964446968376,0.23318096963226037,0.16947652418224085
C6_Gy_ESa_T2_27nov24_HBenavides_corr,-0.35475037884119764,7.489141547380484,0.0724934102721673,0.034685391977840825,-0.05345343149212474
C6_Gy_ESa_T3_27nov24_HBenavides_corr,-1.1739055039359476,1.691513949485988,-0.13684962936098571,-0.8910655360742965,-0.3638523739299108
C6_Gy_ESb_T1_27nov24_CGomez_corr,-0.05465839498539185,2.545022194133346,0.15120622473407083,0.1317362857199779,0.06126232802622765
C6_Gy_ESb_T2_27nov24_CGomez_corr,-0.14038575604452624,32.06708095122395,-0.12467743763614803,-0.20864044252053965,-0.09726616455642986
C6_Gy_ESb_T3_27nov24_CGomez_corr,0.09084080298900316,42.71764374479383,0.4275280878493154,0.5886970097473322,0.235076484148869
C6_Gy_PM_T1_27nov24_CGomez_corr,-0.5958197570678332,0.1727744623297513,-0.061723804412510255,-0.11423820489736192,-0.18083590234596844
C6_Gy_PM_T2_27nov24_CGomez_corr,0.22709366212785748,72.75281063313518,0.6868411631456212,0.6198702697461942,0.39811846955713664
C6_Gy_PM_T3_27nov24_CGomez_corr,-0.035037961608465035,2.8822425479091645,-0.09256083125903006,-0.1440210691975467,-0.05476949174369398
C6_Gy_PP_T1_27nov24_CDaza_corr,0.11948675125059088,51.647691664222585,-0.021365723724750388,0.4718937455057125,0.019518534688839982
C6_Gy_PP_T2_27nov24_CDaza_corr,-0.6524436639286453,11.24969463939839,-0.26387529384004754,-0.1834136534437767,-0.2954353524168698
C6_Gy_PP_T3_27nov24_CDaza_corr,-0.11651439575823067,26.26630776648802,-0.36509449859644333,-0.25690920023292096,-0.21056379252290455
C6_Gy_PSa_T1_27nov24_CDaza_corr,-0.8988271011456805,11.568375819090395,-0.052847072455808164,-0.4511785400191082,-0.25281719512028833
C6_Gy_PSa_T2_27nov24_CDaza_corr,-0.5414645021615869,5.312134989815914,-0.11542093561069375,-0.12115167094230306,-0.19378230894778448
C6_Gy_PSb_T1_27nov24_CGomez_corr,-1.1803009572229692,0.2070279363773468,-0.08684075716535107,-0.3490098961202706,-0.34064596255186697
C6_Gy_PSb_T2_27nov24_CGomez_corr,0.03535663982848633,13.137797772414508,-0.040373275453114546,-0.10080388373094995,-0.011123430181377963
C6_Gy_PSb_T3_27nov24_CGomez_corr,0.07286882004167729,22.1360661850778,0.31271938074063277,0.1346762551278029,0.1735679466167643
C6_PB_PP_T2_19nov24_CGomez_Corr,-1.514340612254148,5.836657845189662,-0.5827568708298,-0.593871203010866,-0.67097168086488
C6_PB_PSb_T1_19nov24_HBenavides_Corr,0.20672681973694063,5.170868218674672,-0.5903244241385672,-0.4611121346892023,-0.2408545745004037
C6_PB_PSb_T2_19nov24_HBenavides_Corr,0.1829639578833721,29.14019109538425,-0.6435585216554797,-0.49510016865062917,-0.2732643835211589
C6_PB_PSb_T3_19nov24_HBenavides_Corr,0.2799577711285867,44.886707633934094,1.1012309521347696,1.0950875431934572,0.6171008667044238
C7_BC_EM_T1_29nov24_CGomez_corr,0.38111433803338596,62.50707815714066,0.8787982866968089,0.5738483527556438,0.5322118587153315
C7_BC_EM_T2_29nov24_CGomez_corr,0.24833779333474018,56.42337466457676,-0.300507137522239,0.02083730566431266,-0.08653255517308397
C7_BC_EM_T3_29nov24_CGomez_corr,0.23498214519166283,0.0,0.050029011497882,-0.5291309605145855,0.08406653096499256
C7_BC_EP_T1_29nov24_CDaza_corr,-0.3989906122283638,0.0,-0.6491015343244569,-0.8183553216966868,-0.422723231415282
C7_BC_EP_T2_29nov24_CDaza_corr,-0.559597905388588,19.15248829863547,-0.05906262631233988,0.22103358861325628,-0.17038384489122102
C7_BC_EP_T3_29nov24_CDaza_corr,0.0541331761476429,0.0,-0.5624151952682145,-0.8431093793770692,-0.26547175036192167
C7_BC_ESa_T1_29nov24_CDaza_corr,-0.23123975881640046,3.848970867401085,0.4448308409533441,0.321860277099123,0.16246863692083227
C7_BC_ESa_T2_29nov24_CDaza_corr,0.0883667477873413,70.3769949208641,0.13966712750432322,-0.04864527318528877,0.09159158880509904
C7_BC_ESa_T3_29nov24_CDaza_corr,-0.5175187383313478,7.792693436239801,-0.6612719631506284,-0.8100078091282785,-0.4586436049418917
C7_BC_ESb_T1_29nov24_CGomez_corr,0.36837819030060376,19.595132397036465,-0.06622131921141337,-0.11926770625383605,0.06000168418192972
C7_BC_ESb_T2_29nov24_CGomez_corr,0.4231671833163291,56.68514798298517,0.9704912082409706,0.7444696376631816,0.5883190377554495
C7_BC_ESb_T3_29nov24_CGomez_corr,0.054599293111691566,3.042522481333117,-0.17961800691844113,-0.25270404729364915,-0.07537758061554871
C7_BC_PM_T1_29nov24_CDaza_corr,-0.017038757214453526,0.0,-0.4924946912161732,-1.1188780947069206,-0.24871332360384604
C7_BC_PM_T2_29nov24_CDaza_corr,0.3664801092463186,37.4288168882609,0.10225682293609385,0.5123901449241512,0.14313643289675057
C7_BC_PM_T3_29nov24_CDaza_corr,0.39104750437027197,90.4657581016872,1.8323623810501197,2.172242392390732,1.0079559202484565
C7_BC_PP_T1_29nov24_HBenavides_corr,-0.7957796141897674,5.437069129149227,-0.17322839092862163,-0.19942608423535918,-0.28658291558436305
C7_BC_PP_T2_29nov24_HBenavides_corr,-0.26859978196413387,36.011752109235005,-0.25038819687716096,-0.0022663397951525194,-0.19197671728562735
C7_BC_PP_T3_29nov24_HBenavides_corr,-0.5078153816074074,0.0,-0.39463777545397316,-0.7971274086385867,-0.3238707754689726
C7_BC_PSa_T1_29nov24_CDaza_corr,0.35952282288238774,16.953361618218384,0.15418519436684663,0.09525321749967007,0.16715382836106032
C7_BC_PSa_T2_29nov24_CDaza_corr,0.2301574083963657,0.841869543579033,-0.20759534934632784,-0.44134495637829224,-0.045004976311794634
C7_BC_PSa_T3_29nov24_CDaza_corr,0.3552392065467661,23.845854914795773,-0.4230798805836743,-0.36987005343616053,-0.12041429154937414
C7_BC_PSb_T1_29nov24_HBenavides_corr,0.2708362051351497,13.226200772847118,-0.6754081979982947,-0.7029267450728092,-0.2669187451758743
C7_BC_PSb_T2_29nov24_HBenavides_corr,0.20649569227349107,30.796239792642044,-0.5584368971216632,-0.6116604474100513,-0.22508752583404473
C7_Gr_PM_T1_30nov24_CGomez_corr,-0.10604576226440648,3.9221126447641175,-0.4453450771500008,-0.5671140877456196,-0.2477518928600818
C7_Gr_PM_T2_30nov24_CGomez_corr,0.20639433417864997,21.299372606790055,-0.41530324625761683,-0.3819275031600745,-0.15407793348976367
C7_Gr_PM_T3_30nov24_CGomez_corr,0.22486678875402855,27.299176424576693,-0.06717471093923011,0.017461034160339478,0.02334999977266955
C7_Gr_PP_T1_30nov24_HBenavides_corr,0.015504616785927308,7.792383269090916,-0.533720838965238,-0.33173951339661284,-0.2609692325761242
C7_Gr_PP_T2_30nov24_HBenavides_corr,-0.5823698482535437,8.474031301694584,-0.4658309325246223,-0.533493415572961,-0.37799772175612373
C7_Gr_PP_T3_30nov24_HBenavides_corr,-0.7203781746522899,3.1971163703791188,-0.34015797761283556,-0.24448504364949764,-0.35041929774847613
C7_Gr_PSa_T1_30nov24_CDaza_corr,0.27130968722880194,30.445564809538205,0.3945628889769114,0.42071272325262504,0.26421166910971605
C7_Gr_PSa_T2_30nov24_CDaza_corr,0.1277801572194047,23.81678056860392,0.8000394366838409,0.5955773726826531,0.4292606683476472
C7_Gr_PSa_T3_30nov24_CDaza_corr,0.18379400869020934,31.33274715065448,0.270303058591542,0.4936486135708294,0.18048104768725942
C7_Gy_EM_T1_27nov24_CGomez_corr,-0.5442930916203609,67.89287872152752,0.001752416754249253,0.14952650751547597,-0.13634395611468877
C7_Gy_EM_T2_27nov24_CGomez_corr,0.24326214533227286,70.55223204243374,0.4540094807254773,0.24313648223735018,0.2866434963312935
C7_Gy_EP_T1_27nov24_HBenavides_corr,-0.45058923400551343,0.3860364062890006,-0.13672272561444215,-0.060549231477769944,-0.1814448613455023
C7_Gy_EP_T2_27nov24_HBenavides_corr,-0.049763019494429954,31.542704207413173,-0.3211723959343573,-0.10450298443399644,-0.1719381942963118
C7_Gy_EP_T3_27nov24_HBenavides_corr,0.22140618910785959,81.8756511783764,0.38193147723708587,0.3748454054848764,0.24536245317857944
C7_Gy_ESa_T1_27nov24_HBenavides_corr,-0.32929291634971664,12.193765415718294,-0.8555533387575747,-0.6843905671491771,-0.5076118002484935
C7_Gy_ESa_T2_27nov24_HBenavides_corr,-0.12406915571472332,26.140809255667115,-0.15960734520962006,-0.16220165714248339,-0.11048803245426651
C7_Gy_ESa_T3_27nov24_HBenavides_corr,-0.6392925691137396,12.58963931492546,-0.10641476099165087,-0.39991178691082924,-0.21397465814962624
C7_Gy_ESb_T1_27nov24_CGomez_corr,0.011054763876814422,38.4891778668189,0.2509327182455793,0.21583000904657929,0.12732110229531873
C7_Gy_ESb_T2_27nov24_CGomez_corr,0.08007922597983891,14.277243962934424,0.08015723810636843,0.07268665059608564,0.05996845411922158
C7_Gy_ESb_T3_27nov24_CGomez_corr,-0.14539994266956127,5.383132093772944,0.903757524131543,0.5437137038386055,0.4118670615953864
C7_Gy_PM_T1_27nov24_CGomez_corr,0.2169897046680459,31.767944881853573,-0.28655281308215197,0.1751237835765989,-0.08750992887330802
C7_Gy_PM_T2_27nov24_CGomez_corr,-0.5059935792706372,6.590000740610212,-0.02263758444850987,-0.11267042421995623,-0.13879323637562946
C7_Gy_PM_T3_27nov24_CGomez_corr,0.06558421070844027,74.35315710125946,0.37807223897780723,0.28093783619535756,0.20416520263540652
C7_Gy_PP_T1_27nov24_CDaza_corr,0.012058990699995581,6.271759633247805,-0.3339019994958615,-0.13200130126936688,-0.1626706813004149
C7_Gy_PP_T2_27nov24_CDaza_corr,-0.9945181400148821,8.927229632670668,-0.2438817117560638,-0.054378491059411796,-0.3717481495065503
C7_Gy_PP_T3_27nov24_CDaza_corr,0.11061852920848281,52.56631322603664,-0.16847595086996353,0.01342695666368986,-0.05572576224665976
C7_Gy_PSa_T1_27nov24_CDaza_corr,-1.3111680038778883,2.111699825901438,-0.7163215565538518,-1.0942764517212449,-0.6860390556148397
C7_Gy_PSa_T2_27nov24_CDaza_corr,0.20895011277199105,80.05183220370589,1.3221154051501334,1.4342352333757789,0.7088219134177517
C7_Gy_PSb_T1_27nov24_CGomez_corr,-0.33740684497619844,88.37073974582935,-0.021278342889525237,-0.1509670513204705,-0.09561876454548601
C7_Gy_PSb_T2_27nov24_CGomez_corr,0.1093447133759674,34.86701215170284,0.8487224131204041,0.7411886147417114,0.4487738336227599
C7_Gy_PSb_T3_27nov24_CGomez_corr,0.1484120774826735,48.36966595522584,-0.10072322843509945,0.07310546452855275,-0.01257350317750023
C7_PB_PM_T1_19nov24_CGomez_Corr,0.31812754656289394,0.0,-0.44927565926409935,-0.5392915446718917,-0.14277054453812146
C7_PB_PM_T2_19nov24_CGomez_Corr,0.13610064891218376,0.0,-0.3936987125036765,-0.5762927198230423,-0.16107661631363748
C7_PB_PP_T1_19nov24_CGomez_Corr,0.14088788326859136,0.0,-0.5961975320605459,-0.6722232282147345,-0.26036698968227384
C7_PB_PP_T2_19nov24_CGomez_Corr,0.18991074903024618,0.0,-0.4769103914282675,-0.5654876380740581,-0.18880809355458686
C7_PB_PP_T3_19nov24_CGomez_Corr,0.0947882182554286,0.0,-0.5243526499576998,-0.6284764524428283,-0.2363329246061322
C7_PB_PSA_T1_19nov24_HBenavides_Corr,0.12988964520953522,71.63946044339625,0.2823945265028283,0.7824142948879034,0.17289283770073696
C7_PB_PSA_T2_19nov24_HBenavides_Corr,-0.12662226720566214,0.0,0.0023559850139504845,-0.11874452031977564,-0.030751619924102105
C7_PB_PSb_T1_19nov24_HBenavides_Corr,0.06829589357342603,0.0,0.22180881460459992,0.022198372513194037,0.12729754535808988
C7_PB_PSb_T2_19nov24_HBenavides_Corr,0.0628376382186433,13.296752140962614,-0.566502965776519,-0.5715552713531353,-0.26530609849682746
C7_PB_PSb_T3_19nov24_HBenavides_Corr,-0.058500792940419405,4.02466014909588,-0.5469094306118217,-0.7591865736170339,-0.2861709440780588
C8_BC_EM_T1_29nov24_CGomez_corr,0.13178485253291294,21.29320198321781,-0.14282665633855463,0.3073793633784646,-0.03766046359928694
C8_BC_EM_T2_29nov24_CGomez_corr,0.21240163624419128,8.197247280898324,-0.20525922211452563,-0.1824013222565735,-0.04832173467790761
C8_BC_EM_T3_29nov24_CGomez_corr,0.0877498074075635,30.963753722867825,0.09686267337787066,0.6702458451902353,0.07019283456808009
C8_BC_EP_T1_29nov24_CDaza_corr,0.3526156255744434,84.06903677500713,0.6535562875249568,0.5380431120108424,0.413243150720164
C8_BC_EP_T2_29nov24_CDaza_corr,-0.9806905330952117,4.39394792095067,-0.523581420627227,-0.6630533188260509,-0.5070731645736355
C8_BC_EP_T3_29nov24_CDaza_corr,-0.3786008088478219,5.149085800893414,-0.39815823066487177,-0.43084543730656066,-0.2930435574391548
C8_BC_ESa_T1_29nov24_CDaza_corr,-0.09797049641272375,20.11722523992529,0.25820101670999696,0.24984365518952992,0.10344351222764825
C8_BC_ESa_T2_29nov24_CDaza_corr,0.16467729646689008,19.021486243192616,0.16719579834979056,0.25982694744660817,0.12449118693195453
C8_BC_ESa_T3_29nov24_CDaza_corr,-0.02236902477673583,52.03724335508515,0.5766314308683871,0.826600919656279,0.28053464971636244
C8_BC_ESb_T1_29nov24_CGomez_corr,0.35717968602149397,33.55899593903106,0.1313402849098933,0.5996837563727001,0.15522553937924555
C8_BC_ESb_T2_29nov24_CGomez_corr,0.2609336943215461,37.30366630813761,-0.4904701513581873,-0.5287553103829121,-0.17763306383976846
C8_BC_ESb_T3_29nov24_CGomez_corr,0.22556455076246995,0.0,-0.21763208192018388,-0.6197228834395276,-0.05114389755463956
C8_BC_PM_T1_29nov24_CDaza_corr,0.22380772631589885,17.533246105279186,-0.6332687695545287,-0.6401502545577926,-0.25786121315229915
C8_BC_PM_T2_29nov24_CDaza_corr,0.36423894587069455,62.32783397430784,-0.17522867303258047,0.16398237951194372,0.004859440165336806
C8_BC_PM_T3_29nov24_CDaza_corr,0.2757541814074313,9.3825948075965,-0.4500777388540178,-0.7208272954545943,-0.15385072529050142
C8_BC_PP_T1_29nov24_HBenavides_corr,-0.3773711688414123,83.2434898019711,2.279100234706985,2.406483567359192,1.0359507744290974
C8_BC_PP_T2_29nov24_HBenavides_corr,0.16147916920742073,0.0,0.4937791069681106,0.8930757580044981,0.2857634894491994
C8_BC_PP_T3_29nov24_HBenavides_corr,0.2084943337330858,35.67254613853408,0.23149712389249755,0.7079237930847804,0.16744906047229213
C8_BC_PSa_T1_29nov24_CDaza_corr,0.33921994464622257,45.48030016625712,0.5114539976154479,0.42400411517068626,0.33934286954535614
C8_BC_PSa_T2_29nov24_CDaza_corr,0.40972568858658015,60.50537995697625,0.220049907559129,0.19110269282732048,0.2124974248531563
C8_BC_PSa_T3_29nov24_CDaza_corr,0.24900533893695156,7.291236404441398,-0.018428530384998962,-0.04773321072923453,0.05362723024275709
C8_BC_PSb_T1_29nov24_HBenavides_corr,0.34622921765799397,26.313197251256717,-0.28354935437473267,0.36640573459921233,-0.05343870016422453
C8_BC_PSb_T2_29nov24_HBenavides_corr,0.13535150679274574,1.163458594123595,-0.5304881558273395,-0.9878417693291879,-0.22915207793469033
C8_Gr_PM_T1_30nov24_CGomez_corr,-0.0860056112069465,4.365319773604869,-0.42523907927920424,-0.5139698301746068,-0.23272155411149784
C8_Gr_PM_T2_30nov24_CGomez_corr,0.3398724153488807,24.29367667984932,-0.0713051530168718,0.01839227113893424,0.0502924836308104
C8_Gr_PM_T3_30nov24_CGomez_corr,0.1805564003790851,34.71546112178282,-0.3677254508348345,-0.2840788591343996,-0.13697938534301013
C8_Gr_PP_T1_30nov24_HBenavides_corr,-0.14163531012018607,1.7043175495353735,-0.4756050847586609,-0.5208312943327509,-0.27174144631175595
C8_Gr_PP_T2_30nov24_HBenavides_corr,-0.4060029563342722,0.4290163140792165,-0.36957857770398717,-0.4614964816394118,-0.2857678411316219
C8_Gr_PP_T3_30nov24_HBenavides_corr,0.299223594524117,29.986353803765223,-0.4499185939689956,0.049733410659799,-0.14785521850703656
C8_Gr_PSa_T1_30nov24_CDaza_corr,0.1327727977598797,53.64312394467091,0.9127505235237481,0.8995569035489351,0.4864561580966215
C8_Gr_PSa_T2_30nov24_CDaza_corr,0.24560210810285965,30.514995391278145,1.0319867952556465,1.0716662175764193,0.5740751047016492
C8_Gr_PSa_T3_30nov24_CDaza_corr,0.25372112720604073,46.26082970881815,0.3893641906345373,0.46389288694646025,0.2571976400274828
C8_Gy_EM_T1_27nov24_CGomez_corr,0.1704365504025336,19.838729575465077,-0.5137871497430865,-0.2596231261902706,-0.21201884234727814
C8_Gy_EM_T2_27nov24_CGomez_corr,-0.45220120123463925,0.0,-0.2164549184258948,-0.13489115044975025,-0.2214211553901997
C8_Gy_EP_T1_27nov24_HBenavides_corr,-0.5061331097107942,3.4315269367046057,-0.13767318542433687,0.037609697471247094,-0.19591890302599949
C8_Gy_EP_T2_27nov24_HBenavides_corr,-0.0010603326760372928,32.37714177901592,0.6198129999614536,0.5248879937269332,0.30733685111162456
C8_Gy_EP_T3_27nov24_HBenavides_corr,-0.03505443057308125,92.40266592683524,0.25151768243143446,0.15046939797597414,0.11598750665718086
C8_Gy_ESa_T1_27nov24_HBenavides_corr,-0.15875229502579358,8.279993932959199,0.192167983245075,-0.05583313868118492,0.055349483034723077
C8_Gy_ESa_T2_27nov24_HBenavides_corr,-0.26008739231758443,16.89114381323123,-0.24112969636701115,-0.18839499912606555,-0.18523592621349927
C8_Gy_ESa_T3_27nov24_HBenavides_corr,-0.4351003606566863,0.0,-0.29688646460429163,-0.5846445406417831,-0.2570271200033176
C8_Gy_ESb_T1_27nov24_CGomez_corr,0.05796878365189824,18.17796558191862,0.29723136781267445,0.281176931069104,0.16212524451021348
C8_Gy_ESb_T2_27nov24_CGomez_corr,-0.016500182687484155,0.0,-0.08055787698001207,-0.4295754542053024,-0.04413931614517833
C8_Gy_ESb_T3_27nov24_CGomez_corr,0.37571903475966995,58.64980704015685,0.8575577217554645,0.8428119822968707,0.5203103461417499
C8_Gy_PM_T1_27nov24_CGomez_corr,0.028084326994042355,28.10424504484669,0.35051603820054833,0.38045906757633696,0.18103592266894317
C8_Gy_PM_T2_27nov24_CGomez_corr,-0.37243482466518424,4.236343633692987,-0.12298755478795412,-0.12946083060099642,-0.15492594783594296
C8_Gy_PM_T3_27nov24_CGomez_corr,-0.550112592211752,18.04861487327123,0.4400888635799485,0.21766112323294576,0.07972896415164119
C8_Gy_PP_T1_27nov24_CDaza_corr,-1.1112951216125617,0.5478383257735211,-0.3808058134366099,-0.3729155555806204,-0.4691404970742654
C8_Gy_PP_T2_27nov24_CDaza_corr,-0.9591848314678015,9.752963373889717,-0.4289654111925328,-0.21255794286407603,-0.45469513513259185
C8_Gy_PP_T3_27nov24_CDaza_corr,-0.11695210234985182,0.0,-0.13798066302794498,-0.26821266441277886,-0.0979608506555543
C8_Gy_PSa_T1_27nov24_CDaza_corr,-0.9461524601267174,13.61828143175542,-0.4201470135356119,-0.6692601201640231,-0.4470332951737751
C8_Gy_PSb_T1_27nov24_CGomez_corr,-0.4685498574551214,1.7022703516299562,-0.35311667948731223,-0.4491019755347,-0.293365812197333
C8_Gy_PSb_T2_27nov24_CGomez_corr,0.3676134904795064,50.48909513837345,-0.11092818555010733,0.0037884676783228044,0.03762154105829377
C8_Gy_PSb_T3_27nov24_CGomez_corr,0.2047658284067611,49.09781283208815,0.6500384247259186,0.5142294585948457,0.37422506815867995
C8_PB_PM_T1_19nov24_CGomez_Corr,-0.5119995039708329,0.0,-0.36970625517171596,-0.40858097545497596,-0.3125524224248163
C8_PB_PP_T1_19nov24_CGomez_Corr,0.21298569065155018,0.0,-0.8130880130787774,-0.9441877659958777,-0.3498310650249184
C8_PB_PP_T3_19nov24_CGomez_Corr,0.010700635759159582,0.0,-0.8629847797697145,-1.0468466270377697,-0.42558918655059086
C8_PB_PSA_T1_19nov24_HBenavides_Corr,0.3285955352486032,73.57669527947532,2.052131464072482,2.0167765382414844,1.1012802729568787
C8_PB_PSA_T2_19nov24_HBenavides_Corr,-0.3179150984641701,50.76264078600528,0.894492770257722,1.2413076378968777,0.36377886320129404
C8_PB_PSb_T1_19nov24_HBenavides_Corr,0.34372108560547565,0.0,0.8591388583929505,0.5925046317193823,0.5130285130346202
C8_PB_PSb_T2_19nov24_HBenavides_Corr,0.14311071578588228,0.0,-0.45184182369251014,-0.6219207015850148,-0.18816499080626783
C8_PB_PSb_T3_19nov24_HBenavides_Corr,0.15905517047562795,46.861864399242215,0.5753201578080785,0.5694088921167151,0.3256200458707941
C9_BC_EM_T1_29nov24_CGomez_corr,0.22263323367245852,27.34200489395617,0.1056101240577682,0.2860470047343192,0.10853752598377031
C9_BC_EM_T2_29nov24_CGomez_corr,0.1359747814270138,28.42931579926804,-0.3442731118000746,-0.2525391659711004,-0.13657914182660844
C9_BC_EM_T3_29nov24_CGomez_corr,0.1455224523877368,12.379660492908087,0.35543150296147213,0.35279180287997874,0.21308097939231574
C9_BC_EP_T1_29nov24_CDaza_corr,-0.007556530776800824,5.709482648406381,-0.5193603925283586,-0.5959334415103866,-0.25965595609156555
C9_BC_EP_T2_29nov24_CDaza_corr,-0.6363010078617993,4.480640085674827,-0.7521844247825018,-1.070709600005737,-0.5337065697265496
C9_BC_EP_T3_29nov24_CDaza_corr,-0.4745124688817643,6.852538705904093,-0.5691760314158575,-0.7192216276076875,-0.40209606419995647
C9_BC_ESa_T1_29nov24_CDaza_corr,-0.21590536136437927,36.273363115685335,0.37126111240785253,0.4881264096060065,0.12982278059729083
C9_BC_ESa_T2_29nov24_CDaza_corr,0.1030596616126716,10.846512803101485,0.39606502480218664,0.5247482938070153,0.22254213978912446
C9_BC_ESa_T3_29nov24_CDaza_corr,0.06211877768391752,27.43723055168464,0.4404368828051588,0.4925189844288985,0.23424224727607243
C9_BC_ESb_T1_29nov24_CGomez_corr,0.06063448924535815,2.878305512028021,-0.725495261652514,-0.9985270112765074,-0.34476706024525605
C9_BC_ESb_T2_29nov24_CGomez_corr,0.13936195175563101,2.8840220279714432,0.05535941008513251,0.3990037515037445,0.06260654193768818
C9_BC_ESb_T3_29nov24_CGomez_corr,0.08801632002659437,59.57217948978142,0.38546404785005856,0.6139653939732362,0.21348867584438277
C9_BC_PM_T1_29nov24_CDaza_corr,0.3529407141074833,41.4328474429537,-0.377151964379125,0.20263886350857852,-0.09820037512708647
C9_BC_PM_T2_29nov24_CDaza_corr,0.24149580598424925,0.0,-0.38864654093072265,-0.4435244519201757,-0.13199968804012058
C9_BC_PM_T3_29nov24_CDaza_corr,0.3140629206318028,30.540173196359337,-0.3981033864475614,0.03577623748269687,-0.11839916409328889
C9_BC_PP_T1_29nov24_HBenavides_corr,-0.03386267979153307,5.935444532139802,-0.44378332906339946,-0.647461262482175,-0.22877981419720683
C9_BC_PP_T2_29nov24_HBenavides_corr,0.1694384894557136,42.56240744951666,0.762794493191739,1.486081558871355,0.42127840987889087
C9_BC_PP_T3_29nov24_HBenavides_corr,0.1435943528759525,21.16724267981756,-0.3565911013467728,-0.036207473122786715,-0.1407715233617642
C9_BC_PSa_T1_29nov24_CDaza_corr,0.3579881886483965,54.22900824249661,-0.04827959046505012,-0.02077714977337046,0.06628663344503447
C9_BC_PSa_T2_29nov24_CDaza_corr,0.33263291823565605,0.0,0.05141316580064084,-0.09460940606920062,0.10937075399737627
C9_BC_PSa_T3_29nov24_CDaza_corr,0.34024710694628085,0.2284359175003611,0.013570596824631694,-0.14849582445877946,0.0925095388428679
C9_BC_PSb_T1_29nov24_HBenavides_corr,0.2770621661478952,50.49841752567274,-0.46369915158993946,-0.44846283359752526,-0.16028109722485512
C9_BC_PSb_T2_29nov24_HBenavides_corr,0.30861558816847307,32.39790231270207,-0.5097904720009591,-0.3160242097771261,-0.17520108256618055
C9_Gr_PM_T1_30nov24_CGomez_corr,-0.15206904973145202,2.982875119143771,-0.4825230144050944,-0.4346194636309577,-0.2778050092168071
C9_Gr_PM_T2_30nov24_CGomez_corr,0.02231855489616072,2.953175036813619,-0.45949349006638923,-0.619023820420085,-0.2224135206211212
C9_Gr_PM_T3_30nov24_CGomez_corr,0.014748318566287374,7.229906536325438,-0.33264650752236985,-0.3855920325791284,-0.1613696323937363
C9_Gr_PP_T1_30nov24_HBenavides_corr,-0.06945038942261342,2.14221893988599,-0.500409432814223,-0.5539687395919932,-0.2658540133748123
C9_Gr_PP_T2_30nov24_HBenavides_corr,-0.028692939773937942,0.0,0.03254779454047804,-0.00518071861658706,0.008919644632798186
C9_Gr_PP_T3_30nov24_HBenavides_corr,-0.15894011476706987,4.241107203376859,-0.32724139126744756,-0.1626342621273208,-0.20247316570068943
C9_Gr_PSa_T1_30nov24_CDaza_corr,0.14962615026073062,0.0,0.7470152315386731,0.725001569960776,0.4084527975055616
C9_Gr_PSa_T2_30nov24_CDaza_corr,0.05250813527462564,4.033655654426083,0.42013726252430594,0.17753637070247524,0.22174504521834712
C9_Gr_PSa_T3_30nov24_CDaza_corr,0.2257752701208684,60.3412346760208,0.31946007273883636,0.5655032066641265,0.21546023005924564
C9_Gy_EM_T1_27nov24_CGomez_corr,0.04012839249824665,27.65824986574184,0.015353879505613774,0.2135201488255634,0.017736080159789912
C9_Gy_EM_T2_27nov24_CGomez_corr,-0.29422040338987043,71.07738979625805,-0.023422800621969,0.12931014418727643,-0.08579593467528251
C9_Gy_EP_T1_27nov24_HBenavides_corr,-0.33078320816261364,24.844874765935295,-0.2421337395467231,-0.061926140389064244,-0.20355629134046993
C9_Gy_EP_T2_27nov24_HBenavides_corr,-0.27152322036119386,32.9188144214535,-0.36074406290093375,0.0031846482375401247,-0.24748170943032116
C9_Gy_EP_T3_27nov24_HBenavides_corr,0.0009627755540034394,29.447079640549077,-0.2602814211391076,-0.41956279621347115,-0.12893116370266308
C9_Gy_ESa_T1_27nov24_HBenavides_corr,0.2438873101315261,3.739038906279804,-0.014987020100050374,-0.2058998227035762,0.05404497132479946
C9_Gy_ESa_T2_27nov24_HBenavides_corr,-1.3370232298781337,1.253462743081318,-0.46738730390834227,-0.8516386432782069,-0.5690145925322396
C9_Gy_ESa_T3_27nov24_HBenavides_corr,0.10693755886393597,20.69954477297564,0.0043246390503949295,0.19775100892532285,0.029104696518298525
C9_Gy_ESb_T1_27nov24_CGomez_corr,-0.05004508890463985,8.416189678218727,-0.0864569014574784,-0.16230550523667148,-0.05552342455416368
C9_PB_PM_T1_19nov24_CGomez_Corr,0.16713382777980557,0.0,-0.045753987552862696,-0.4316630417303207,0.01942659236592944
C9_PB_PM_T2_19nov24_CGomez_Corr,0.0491594463182711,0.0,-0.6010744958619966,-0.7726802596983229,-0.28591165087263526
C9_PB_PP_T1_19nov24_CGomez_Corr,0.17779562904316573,0.0,-0.6199272769787687,-0.7276968848563603,-0.2628394519947976
C9_PB_PP_T2_19nov24_CGomez_Corr,0.07987254545775453,0.0,-0.6135173102289482,-0.6644160758973908,-0.2843442145464854
C9_PB_PP_T3_19nov24_CGomez_Corr,-0.4270460805616999,64.83822137337731,1.7169193662850022,1.5331015599973845,0.7444258003569477
C9_PB_PSb_T1_19nov24_HBenavides_Corr,0.3409817618696736,71.36202663381522,0.4216524290158856,0.376145151884245,0.29521980583231394
C9_PB_PSb_T2_19nov24_HBenavides_Corr,0.16646232138186928,2.8435915762777078,-0.6533055871741464,-0.7349352671139774,-0.2822616927630079
C9_PB_PSb_T3_19nov24_HBenavides_Corr,0.27025272864371525,0.8265781833793786,0.8578651301163664,0.5256709750633,0.4938753629242779
